DateTime;Real-time Upscaled Measurement [MW]
01/09/2018 00:00;0
01/09/2018 00:15;0
01/09/2018 00:30;0
01/09/2018 00:45;0
01/09/2018 01:00;0
01/09/2018 01:15;0
01/09/2018 01:30;0
01/09/2018 01:45;0
01/09/2018 02:00;0
01/09/2018 02:15;0
01/09/2018 02:30;0
01/09/2018 02:45;0
01/09/2018 03:00;0
01/09/2018 03:15;0
01/09/2018 03:30;0
01/09/2018 03:45;0
01/09/2018 04:00;0
01/09/2018 04:15;0
01/09/2018 04:30;0
01/09/2018 04:45;0
01/09/2018 05:00;0
01/09/2018 05:15;0
01/09/2018 05:30;0
01/09/2018 05:45;0
01/09/2018 06:00;0
01/09/2018 06:15;0
01/09/2018 06:30;0
01/09/2018 06:45;0
01/09/2018 07:00;0
01/09/2018 07:15;0.22
01/09/2018 07:30;0.39
01/09/2018 07:45;0.76
01/09/2018 08:00;0.91
01/09/2018 08:15;1.28
01/09/2018 08:30;1.69
01/09/2018 08:45;2.06
01/09/2018 09:00;2.55
01/09/2018 09:15;2.98
01/09/2018 09:30;3.43
01/09/2018 09:45;3.77
01/09/2018 10:00;4.19
01/09/2018 10:15;4.58
01/09/2018 10:30;4.79
01/09/2018 10:45;5.18
01/09/2018 11:00;5.46
01/09/2018 11:15;5.72
01/09/2018 11:30;5.82
01/09/2018 11:45;6.15
01/09/2018 12:00;6.34
01/09/2018 12:15;6.38
01/09/2018 12:30;6.25
01/09/2018 12:45;5.29
01/09/2018 13:00;6.94
01/09/2018 13:15;5.44
01/09/2018 13:30;6.97
01/09/2018 13:45;6.92
01/09/2018 14:00;4.51
01/09/2018 14:15;4.48
01/09/2018 14:30;7.13
01/09/2018 14:45;7.63
01/09/2018 15:00;7.04
01/09/2018 15:15;4.28
01/09/2018 15:30;4.87
01/09/2018 15:45;2.22
01/09/2018 16:00;5.36
01/09/2018 16:15;4.62
01/09/2018 16:30;0.53
01/09/2018 16:45;3.97
01/09/2018 17:00;4.34
01/09/2018 17:15;3.58
01/09/2018 17:30;3.18
01/09/2018 17:45;2.72
01/09/2018 18:00;2.44
01/09/2018 18:15;2
01/09/2018 18:30;1.6
01/09/2018 18:45;1.27
01/09/2018 19:00;0.92
01/09/2018 19:15;0.63
01/09/2018 19:30;0.36
01/09/2018 19:45;0.21
01/09/2018 20:00;0.11
01/09/2018 20:15;0.02
01/09/2018 20:30;0
01/09/2018 20:45;0
01/09/2018 21:00;0
01/09/2018 21:15;0
01/09/2018 21:30;0
01/09/2018 21:45;0
01/09/2018 22:00;0
01/09/2018 22:15;0
01/09/2018 22:30;0
01/09/2018 22:45;0
01/09/2018 23:00;0
01/09/2018 23:15;0
01/09/2018 23:30;0
01/09/2018 23:45;0
02/09/2018 00:00;0
02/09/2018 00:15;0
02/09/2018 00:30;0
02/09/2018 00:45;0
02/09/2018 01:00;0
02/09/2018 01:15;0
02/09/2018 01:30;0
02/09/2018 01:45;0
02/09/2018 02:00;0
02/09/2018 02:15;0
02/09/2018 02:30;0
02/09/2018 02:45;0
02/09/2018 03:00;0
02/09/2018 03:15;0
02/09/2018 03:30;0
02/09/2018 03:45;0
02/09/2018 04:00;0
02/09/2018 04:15;0
02/09/2018 04:30;0
02/09/2018 04:45;0
02/09/2018 05:00;0
02/09/2018 05:15;0
02/09/2018 05:30;0
02/09/2018 05:45;0
02/09/2018 06:00;0
02/09/2018 06:15;0
02/09/2018 06:30;0
02/09/2018 06:45;0
02/09/2018 07:00;0.01
02/09/2018 07:15;0.26
02/09/2018 07:30;0.38
02/09/2018 07:45;0.62
02/09/2018 08:00;1.12
02/09/2018 08:15;1.94
02/09/2018 08:30;1.53
02/09/2018 08:45;2.11
02/09/2018 09:00;3.09
02/09/2018 09:15;2.62
02/09/2018 09:30;3.39
02/09/2018 09:45;3.38
02/09/2018 10:00;5.19
02/09/2018 10:15;4.3
02/09/2018 10:30;4.85
02/09/2018 10:45;4.81
02/09/2018 11:00;6.96
02/09/2018 11:15;2.14
02/09/2018 11:30;5.92
02/09/2018 11:45;6.2
02/09/2018 12:00;6.35
02/09/2018 12:15;6.48
02/09/2018 12:30;6.63
02/09/2018 12:45;6.66
02/09/2018 13:00;6.7
02/09/2018 13:15;6.52
02/09/2018 13:30;6.2
02/09/2018 13:45;6.15
02/09/2018 14:00;6.36
02/09/2018 14:15;6.17
02/09/2018 14:30;6.25
02/09/2018 14:45;5.96
02/09/2018 15:00;5.92
02/09/2018 15:15;5.75
02/09/2018 15:30;5.53
02/09/2018 15:45;5.25
02/09/2018 16:00;5.12
02/09/2018 16:15;5.01
02/09/2018 16:30;3.58
02/09/2018 16:45;3.77
02/09/2018 17:00;3.32
02/09/2018 17:15;3.42
02/09/2018 17:30;3.18
02/09/2018 17:45;2.18
02/09/2018 18:00;2.5
02/09/2018 18:15;1.68
02/09/2018 18:30;0.94
02/09/2018 18:45;1.21
02/09/2018 19:00;0.42
02/09/2018 19:15;0.39
02/09/2018 19:30;0.32
02/09/2018 19:45;0.05
02/09/2018 20:00;0.06
02/09/2018 20:15;0.01
02/09/2018 20:30;0
02/09/2018 20:45;0
02/09/2018 21:00;0
02/09/2018 21:15;0
02/09/2018 21:30;0
02/09/2018 21:45;0
02/09/2018 22:00;0
02/09/2018 22:15;0
02/09/2018 22:30;0
02/09/2018 22:45;0
02/09/2018 23:00;0
02/09/2018 23:15;0
02/09/2018 23:30;0
02/09/2018 23:45;0
03/09/2018 00:00;0
03/09/2018 00:15;0
03/09/2018 00:30;0
03/09/2018 00:45;0
03/09/2018 01:00;0
03/09/2018 01:15;0
03/09/2018 01:30;0
03/09/2018 01:45;0
03/09/2018 02:00;0
03/09/2018 02:15;0
03/09/2018 02:30;0
03/09/2018 02:45;0
03/09/2018 03:00;0
03/09/2018 03:15;0
03/09/2018 03:30;0
03/09/2018 03:45;0
03/09/2018 04:00;0
03/09/2018 04:15;0
03/09/2018 04:30;0
03/09/2018 04:45;0
03/09/2018 05:00;0
03/09/2018 05:15;0
03/09/2018 05:30;0
03/09/2018 05:45;0
03/09/2018 06:00;0
03/09/2018 06:15;0
03/09/2018 06:30;0
03/09/2018 06:45;0
03/09/2018 07:00;0.02
03/09/2018 07:15;0.06
03/09/2018 07:30;0.11
03/09/2018 07:45;0.22
03/09/2018 08:00;0.33
03/09/2018 08:15;0.48
03/09/2018 08:30;0.7
03/09/2018 08:45;0.92
03/09/2018 09:00;1.12
03/09/2018 09:15;1.34
03/09/2018 09:30;1.55
03/09/2018 09:45;1.74
03/09/2018 10:00;1.94
03/09/2018 10:15;1.89
03/09/2018 10:30;2.07
03/09/2018 10:45;2.3
03/09/2018 11:00;2.73
03/09/2018 11:15;3.34
03/09/2018 11:30;3.53
03/09/2018 11:45;2.71
03/09/2018 12:00;2.22
03/09/2018 12:15;2.06
03/09/2018 12:30;2.24
03/09/2018 12:45;2.83
03/09/2018 13:00;2.89
03/09/2018 13:15;2.73
03/09/2018 13:30;1.87
03/09/2018 13:45;3.93
03/09/2018 14:00;4.74
03/09/2018 14:15;4.67
03/09/2018 14:30;3.92
03/09/2018 14:45;5.01
03/09/2018 15:00;2.74
03/09/2018 15:15;5.68
03/09/2018 15:30;2.5
03/09/2018 15:45;2.16
03/09/2018 16:00;1.9
03/09/2018 16:15;1.67
03/09/2018 16:30;1.49
03/09/2018 16:45;1.29
03/09/2018 17:00;1.14
03/09/2018 17:15;0.92
03/09/2018 17:30;0.82
03/09/2018 17:45;0.69
03/09/2018 18:00;0.6
03/09/2018 18:15;0.5
03/09/2018 18:30;0.4
03/09/2018 18:45;0.32
03/09/2018 19:00;0.25
03/09/2018 19:15;0.19
03/09/2018 19:30;0.12
03/09/2018 19:45;0.06
03/09/2018 20:00;0.02
03/09/2018 20:15;0
03/09/2018 20:30;0
03/09/2018 20:45;0
03/09/2018 21:00;0
03/09/2018 21:15;0
03/09/2018 21:30;0
03/09/2018 21:45;0
03/09/2018 22:00;0
03/09/2018 22:15;0
03/09/2018 22:30;0
03/09/2018 22:45;0
03/09/2018 23:00;0
03/09/2018 23:15;0
03/09/2018 23:30;0
03/09/2018 23:45;0
04/09/2018 00:00;0
04/09/2018 00:15;0
04/09/2018 00:30;0
04/09/2018 00:45;0
04/09/2018 01:00;0
04/09/2018 01:15;0
04/09/2018 01:30;0
04/09/2018 01:45;0
04/09/2018 02:00;0
04/09/2018 02:15;0
04/09/2018 02:30;0
04/09/2018 02:45;0
04/09/2018 03:00;0
04/09/2018 03:15;0
04/09/2018 03:30;0
04/09/2018 03:45;0
04/09/2018 04:00;0
04/09/2018 04:15;0
04/09/2018 04:30;0
04/09/2018 04:45;0
04/09/2018 05:00;0
04/09/2018 05:15;0
04/09/2018 05:30;0
04/09/2018 05:45;0
04/09/2018 06:00;0
04/09/2018 06:15;0
04/09/2018 06:30;0
04/09/2018 06:45;0
04/09/2018 07:00;0
04/09/2018 07:15;0.02
04/09/2018 07:30;0.07
04/09/2018 07:45;0.12
04/09/2018 08:00;0.2
04/09/2018 08:15;0.34
04/09/2018 08:30;0.21
04/09/2018 08:45;0.45
04/09/2018 09:00;0.47
04/09/2018 09:15;0.65
04/09/2018 09:30;0.99
04/09/2018 09:45;1.24
04/09/2018 10:00;2.33
04/09/2018 10:15;1.93
04/09/2018 10:30;2.59
04/09/2018 10:45;1.09
04/09/2018 11:00;1.86
04/09/2018 11:15;2.1
04/09/2018 11:30;2.09
04/09/2018 11:45;2.38
04/09/2018 12:00;2.72
04/09/2018 12:15;3.02
04/09/2018 12:30;3.08
04/09/2018 12:45;3.3
04/09/2018 13:00;3.33
04/09/2018 13:15;3.47
04/09/2018 13:30;3.5
04/09/2018 13:45;3.89
04/09/2018 14:00;3.74
04/09/2018 14:15;3.64
04/09/2018 14:30;3.82
04/09/2018 14:45;3.6
04/09/2018 15:00;3.48
04/09/2018 15:15;3.25
04/09/2018 15:30;2.57
04/09/2018 15:45;2.65
04/09/2018 16:00;3.33
04/09/2018 16:15;2.74
04/09/2018 16:30;2.4
04/09/2018 16:45;3.37
04/09/2018 17:00;2.28
04/09/2018 17:15;2.47
04/09/2018 17:30;2.09
04/09/2018 17:45;1.92
04/09/2018 18:00;1.8
04/09/2018 18:15;1.58
04/09/2018 18:30;0.96
04/09/2018 18:45;1.12
04/09/2018 19:00;0.44
04/09/2018 19:15;0.3
04/09/2018 19:30;0.21
04/09/2018 19:45;0.02
04/09/2018 20:00;0
04/09/2018 20:15;0
04/09/2018 20:30;0
04/09/2018 20:45;0
04/09/2018 21:00;0
04/09/2018 21:15;0
04/09/2018 21:30;0
04/09/2018 21:45;0
04/09/2018 22:00;0
04/09/2018 22:15;0
04/09/2018 22:30;0
04/09/2018 22:45;0
04/09/2018 23:00;0
04/09/2018 23:15;0
04/09/2018 23:30;0
04/09/2018 23:45;0
05/09/2018 00:00;0
05/09/2018 00:15;0
05/09/2018 00:30;0
05/09/2018 00:45;0
05/09/2018 01:00;0
05/09/2018 01:15;0
05/09/2018 01:30;0
05/09/2018 01:45;0
05/09/2018 02:00;0
05/09/2018 02:15;0
05/09/2018 02:30;0
05/09/2018 02:45;0
05/09/2018 03:00;0
05/09/2018 03:15;0
05/09/2018 03:30;0
05/09/2018 03:45;0
05/09/2018 04:00;0
05/09/2018 04:15;0
05/09/2018 04:30;0
05/09/2018 04:45;0
05/09/2018 05:00;0
05/09/2018 05:15;0
05/09/2018 05:30;0
05/09/2018 05:45;0
05/09/2018 06:00;0
05/09/2018 06:15;0
05/09/2018 06:30;0
05/09/2018 06:45;0
05/09/2018 07:00;0.02
05/09/2018 07:15;0.07
05/09/2018 07:30;0.11
05/09/2018 07:45;0.22
05/09/2018 08:00;0.35
05/09/2018 08:15;0.49
05/09/2018 08:30;0.65
05/09/2018 08:45;0.78
05/09/2018 09:00;0.97
05/09/2018 09:15;1.09
05/09/2018 09:30;1.29
05/09/2018 09:45;1.48
05/09/2018 10:00;1.66
05/09/2018 10:15;1.59
05/09/2018 10:30;2.24
05/09/2018 10:45;2.7
05/09/2018 11:00;2.42
05/09/2018 11:15;2.53
05/09/2018 11:30;2.76
05/09/2018 11:45;3.01
05/09/2018 12:00;3.01
05/09/2018 12:15;3.39
05/09/2018 12:30;3.67
05/09/2018 12:45;3.68
05/09/2018 13:00;3.75
05/09/2018 13:15;4.06
05/09/2018 13:30;4.05
05/09/2018 13:45;4.23
05/09/2018 14:00;4.18
05/09/2018 14:15;4.69
05/09/2018 14:30;4.34
05/09/2018 14:45;4.89
05/09/2018 15:00;4.75
05/09/2018 15:15;4.01
05/09/2018 15:30;4.15
05/09/2018 15:45;3.66
05/09/2018 16:00;3.39
05/09/2018 16:15;3.08
05/09/2018 16:30;1.67
05/09/2018 16:45;2.57
05/09/2018 17:00;2.47
05/09/2018 17:15;2.39
05/09/2018 17:30;1.75
05/09/2018 17:45;1.97
05/09/2018 18:00;1.16
05/09/2018 18:15;0.44
05/09/2018 18:30;0.18
05/09/2018 18:45;0.56
05/09/2018 19:00;0.46
05/09/2018 19:15;0.35
05/09/2018 19:30;0.18
05/09/2018 19:45;0.02
05/09/2018 20:00;0.01
05/09/2018 20:15;0
05/09/2018 20:30;0
05/09/2018 20:45;0
05/09/2018 21:00;0
05/09/2018 21:15;0
05/09/2018 21:30;0
05/09/2018 21:45;0
05/09/2018 22:00;0
05/09/2018 22:15;0
05/09/2018 22:30;0
05/09/2018 22:45;0
05/09/2018 23:00;0
05/09/2018 23:15;0
05/09/2018 23:30;0
05/09/2018 23:45;0
06/09/2018 00:00;0
06/09/2018 00:15;0
06/09/2018 00:30;0
06/09/2018 00:45;0
06/09/2018 01:00;0
06/09/2018 01:15;0
06/09/2018 01:30;0
06/09/2018 01:45;0
06/09/2018 02:00;0
06/09/2018 02:15;0
06/09/2018 02:30;0
06/09/2018 02:45;0
06/09/2018 03:00;0
06/09/2018 03:15;0
06/09/2018 03:30;0
06/09/2018 03:45;0
06/09/2018 04:00;0
06/09/2018 04:15;0
06/09/2018 04:30;0
06/09/2018 04:45;0
06/09/2018 05:00;0
06/09/2018 05:15;0
06/09/2018 05:30;0
06/09/2018 05:45;0
06/09/2018 06:00;0
06/09/2018 06:15;0
06/09/2018 06:30;0
06/09/2018 06:45;0
06/09/2018 07:00;0
06/09/2018 07:15;0
06/09/2018 07:30;0.01
06/09/2018 07:45;0
06/09/2018 08:00;0.08
06/09/2018 08:15;0.07
06/09/2018 08:30;0.45
06/09/2018 08:45;0.54
06/09/2018 09:00;0.6
06/09/2018 09:15;0.65
06/09/2018 09:30;0.8
06/09/2018 09:45;0.98
06/09/2018 10:00;1.09
06/09/2018 10:15;1.36
06/09/2018 10:30;1.59
06/09/2018 10:45;1.82
06/09/2018 11:00;2.09
06/09/2018 11:15;2.48
06/09/2018 11:30;2.57
06/09/2018 11:45;2.84
06/09/2018 12:00;2.95
06/09/2018 12:15;3.19
06/09/2018 12:30;3.47
06/09/2018 12:45;3.37
06/09/2018 13:00;3.58
06/09/2018 13:15;2.44
06/09/2018 13:30;2.32
06/09/2018 13:45;2.47
06/09/2018 14:00;2.23
06/09/2018 14:15;2.36
06/09/2018 14:30;3.33
06/09/2018 14:45;2.58
06/09/2018 15:00;2.57
06/09/2018 15:15;3.93
06/09/2018 15:30;4.42
06/09/2018 15:45;2.59
06/09/2018 16:00;2.19
06/09/2018 16:15;3.24
06/09/2018 16:30;1.66
06/09/2018 16:45;2.41
06/09/2018 17:00;1.53
06/09/2018 17:15;3.19
06/09/2018 17:30;1.63
06/09/2018 17:45;1.26
06/09/2018 18:00;1.49
06/09/2018 18:15;1.32
06/09/2018 18:30;1.03
06/09/2018 18:45;0.82
06/09/2018 19:00;0.6
06/09/2018 19:15;0.38
06/09/2018 19:30;0.21
06/09/2018 19:45;0.1
06/09/2018 20:00;0.03
06/09/2018 20:15;0
06/09/2018 20:30;0
06/09/2018 20:45;0
06/09/2018 21:00;0
06/09/2018 21:15;0
06/09/2018 21:30;0
06/09/2018 21:45;0
06/09/2018 22:00;0
06/09/2018 22:15;0
06/09/2018 22:30;0
06/09/2018 22:45;0
06/09/2018 23:00;0
06/09/2018 23:15;0
06/09/2018 23:30;0
06/09/2018 23:45;0
07/09/2018 00:00;0
07/09/2018 00:15;0
07/09/2018 00:30;0
07/09/2018 00:45;0
07/09/2018 01:00;0
07/09/2018 01:15;0
07/09/2018 01:30;0
07/09/2018 01:45;0
07/09/2018 02:00;0
07/09/2018 02:15;0
07/09/2018 02:30;0
07/09/2018 02:45;0
07/09/2018 03:00;0
07/09/2018 03:15;0
07/09/2018 03:30;0
07/09/2018 03:45;0
07/09/2018 04:00;0
07/09/2018 04:15;0
07/09/2018 04:30;0
07/09/2018 04:45;0
07/09/2018 05:00;0
07/09/2018 05:15;0
07/09/2018 05:30;0
07/09/2018 05:45;0
07/09/2018 06:00;0
07/09/2018 06:15;0
07/09/2018 06:30;0
07/09/2018 06:45;0
07/09/2018 07:00;0.01
07/09/2018 07:15;0.04
07/09/2018 07:30;0.03
07/09/2018 07:45;0.07
07/09/2018 08:00;0.15
07/09/2018 08:15;0.18
07/09/2018 08:30;0.3
07/09/2018 08:45;0.57
07/09/2018 09:00;0.69
07/09/2018 09:15;1.05
07/09/2018 09:30;1.43
07/09/2018 09:45;1.88
07/09/2018 10:00;2.01
07/09/2018 10:15;1.83
07/09/2018 10:30;4.31
07/09/2018 10:45;3.75
07/09/2018 11:00;2.72
07/09/2018 11:15;1.89
07/09/2018 11:30;2.07
07/09/2018 11:45;2.36
07/09/2018 12:00;0.98
07/09/2018 12:15;3.53
07/09/2018 12:30;3.49
07/09/2018 12:45;5.11
07/09/2018 13:00;5.34
07/09/2018 13:15;5.5
07/09/2018 13:30;5.77
07/09/2018 13:45;5.99
07/09/2018 14:00;5.79
07/09/2018 14:15;5.84
07/09/2018 14:30;5.8
07/09/2018 14:45;5.35
07/09/2018 15:00;5.38
07/09/2018 15:15;5.34
07/09/2018 15:30;5.34
07/09/2018 15:45;5.16
07/09/2018 16:00;4.93
07/09/2018 16:15;4.72
07/09/2018 16:30;4.32
07/09/2018 16:45;3.99
07/09/2018 17:00;3.95
07/09/2018 17:15;2.92
07/09/2018 17:30;2.88
07/09/2018 17:45;2.78
07/09/2018 18:00;1.73
07/09/2018 18:15;2.42
07/09/2018 18:30;1.9
07/09/2018 18:45;1.58
07/09/2018 19:00;0.64
07/09/2018 19:15;0.42
07/09/2018 19:30;0.21
07/09/2018 19:45;0.1
07/09/2018 20:00;0.01
07/09/2018 20:15;0
07/09/2018 20:30;0
07/09/2018 20:45;0
07/09/2018 21:00;0
07/09/2018 21:15;0
07/09/2018 21:30;0
07/09/2018 21:45;0
07/09/2018 22:00;0
07/09/2018 22:15;0
07/09/2018 22:30;0
07/09/2018 22:45;0
07/09/2018 23:00;0
07/09/2018 23:15;0
07/09/2018 23:30;0
07/09/2018 23:45;0
08/09/2018 00:00;0
08/09/2018 00:15;0
08/09/2018 00:30;0
08/09/2018 00:45;0
08/09/2018 01:00;0
08/09/2018 01:15;0
08/09/2018 01:30;0
08/09/2018 01:45;0
08/09/2018 02:00;0
08/09/2018 02:15;0
08/09/2018 02:30;0
08/09/2018 02:45;0
08/09/2018 03:00;0
08/09/2018 03:15;0
08/09/2018 03:30;0
08/09/2018 03:45;0
08/09/2018 04:00;0
08/09/2018 04:15;0
08/09/2018 04:30;0
08/09/2018 04:45;0
08/09/2018 05:00;0
08/09/2018 05:15;0
08/09/2018 05:30;0
08/09/2018 05:45;0
08/09/2018 06:00;0
08/09/2018 06:15;0
08/09/2018 06:30;0
08/09/2018 06:45;0
08/09/2018 07:00;0
08/09/2018 07:15;0.07
08/09/2018 07:30;0.21
08/09/2018 07:45;0.44
08/09/2018 08:00;0.71
08/09/2018 08:15;1.02
08/09/2018 08:30;1.38
08/09/2018 08:45;1.64
08/09/2018 09:00;1.96
08/09/2018 09:15;2.42
08/09/2018 09:30;2.72
08/09/2018 09:45;3.01
08/09/2018 10:00;3.42
08/09/2018 10:15;4.01
08/09/2018 10:30;4.4
08/09/2018 10:45;4.75
08/09/2018 11:00;5.12
08/09/2018 11:15;5.35
08/09/2018 11:30;5.32
08/09/2018 11:45;5.12
08/09/2018 12:00;4.97
08/09/2018 12:15;4.65
08/09/2018 12:30;5.65
08/09/2018 12:45;5.37
08/09/2018 13:00;4.83
08/09/2018 13:15;4.93
08/09/2018 13:30;4.33
08/09/2018 13:45;5.91
08/09/2018 14:00;4.95
08/09/2018 14:15;4.02
08/09/2018 14:30;3.86
08/09/2018 14:45;3.41
08/09/2018 15:00;4.3
08/09/2018 15:15;3.67
08/09/2018 15:30;3.15
08/09/2018 15:45;4.48
08/09/2018 16:00;0.16
08/09/2018 16:15;2.4
08/09/2018 16:30;3.2
08/09/2018 16:45;1.93
08/09/2018 17:00;1.85
08/09/2018 17:15;1.66
08/09/2018 17:30;1.4
08/09/2018 17:45;1.19
08/09/2018 18:00;1.04
08/09/2018 18:15;0.86
08/09/2018 18:30;0.6
08/09/2018 18:45;0.48
08/09/2018 19:00;0.38
08/09/2018 19:15;0.26
08/09/2018 19:30;0.13
08/09/2018 19:45;0.04
08/09/2018 20:00;0
08/09/2018 20:15;0
08/09/2018 20:30;0
08/09/2018 20:45;0
08/09/2018 21:00;0
08/09/2018 21:15;0
08/09/2018 21:30;0
08/09/2018 21:45;0
08/09/2018 22:00;0
08/09/2018 22:15;0
08/09/2018 22:30;0
08/09/2018 22:45;0
08/09/2018 23:00;0
08/09/2018 23:15;0
08/09/2018 23:30;0
08/09/2018 23:45;0
09/09/2018 00:00;0
09/09/2018 00:15;0
09/09/2018 00:30;0
09/09/2018 00:45;0
09/09/2018 01:00;0
09/09/2018 01:15;0
09/09/2018 01:30;0
09/09/2018 01:45;0
09/09/2018 02:00;0
09/09/2018 02:15;0
09/09/2018 02:30;0
09/09/2018 02:45;0
09/09/2018 03:00;0
09/09/2018 03:15;0
09/09/2018 03:30;0
09/09/2018 03:45;0
09/09/2018 04:00;0
09/09/2018 04:15;0
09/09/2018 04:30;0
09/09/2018 04:45;0
09/09/2018 05:00;0
09/09/2018 05:15;0
09/09/2018 05:30;0
09/09/2018 05:45;0
09/09/2018 06:00;0
09/09/2018 06:15;0
09/09/2018 06:30;0
09/09/2018 06:45;0
09/09/2018 07:00;0
09/09/2018 07:15;0.01
09/09/2018 07:30;0.06
09/09/2018 07:45;0.17
09/09/2018 08:00;0.52
09/09/2018 08:15;0.54
09/09/2018 08:30;0.79
09/09/2018 08:45;1.02
09/09/2018 09:00;1.2
09/09/2018 09:15;1.41
09/09/2018 09:30;1.79
09/09/2018 09:45;2.04
09/09/2018 10:00;2.58
09/09/2018 10:15;3.04
09/09/2018 10:30;3.35
09/09/2018 10:45;3.77
09/09/2018 11:00;4.28
09/09/2018 11:15;4.26
09/09/2018 11:30;4.61
09/09/2018 11:45;4.45
09/09/2018 12:00;4.47
09/09/2018 12:15;4
09/09/2018 12:30;3.88
09/09/2018 12:45;4.2
09/09/2018 13:00;3.99
09/09/2018 13:15;4.9
09/09/2018 13:30;4.15
09/09/2018 13:45;4.29
09/09/2018 14:00;4.36
09/09/2018 14:15;3.86
09/09/2018 14:30;4.53
09/09/2018 14:45;4.3
09/09/2018 15:00;4.13
09/09/2018 15:15;4.64
09/09/2018 15:30;3.62
09/09/2018 15:45;3.58
09/09/2018 16:00;3.95
09/09/2018 16:15;4.2
09/09/2018 16:30;4.21
09/09/2018 16:45;3.55
09/09/2018 17:00;2.75
09/09/2018 17:15;1.67
09/09/2018 17:30;3.47
09/09/2018 17:45;1.82
09/09/2018 18:00;2.06
09/09/2018 18:15;1.6
09/09/2018 18:30;1.26
09/09/2018 18:45;0.99
09/09/2018 19:00;0.61
09/09/2018 19:15;0.36
09/09/2018 19:30;0.19
09/09/2018 19:45;0.07
09/09/2018 20:00;0.01
09/09/2018 20:15;0
09/09/2018 20:30;0
09/09/2018 20:45;0
09/09/2018 21:00;0
09/09/2018 21:15;0
09/09/2018 21:30;0
09/09/2018 21:45;0
09/09/2018 22:00;0
09/09/2018 22:15;0
09/09/2018 22:30;0
09/09/2018 22:45;0
09/09/2018 23:00;0
09/09/2018 23:15;0
09/09/2018 23:30;0
09/09/2018 23:45;0
10/09/2018 00:00;0
10/09/2018 00:15;0
10/09/2018 00:30;0
10/09/2018 00:45;0
10/09/2018 01:00;0
10/09/2018 01:15;0
10/09/2018 01:30;0
10/09/2018 01:45;0
10/09/2018 02:00;0
10/09/2018 02:15;0
10/09/2018 02:30;0
10/09/2018 02:45;0
10/09/2018 03:00;0
10/09/2018 03:15;0
10/09/2018 03:30;0
10/09/2018 03:45;0
10/09/2018 04:00;0
10/09/2018 04:15;0
10/09/2018 04:30;0
10/09/2018 04:45;0
10/09/2018 05:00;0
10/09/2018 05:15;0
10/09/2018 05:30;0
10/09/2018 05:45;0
10/09/2018 06:00;0
10/09/2018 06:15;0
10/09/2018 06:30;0
10/09/2018 06:45;0
10/09/2018 07:00;0
10/09/2018 07:15;0.01
10/09/2018 07:30;0.1
10/09/2018 07:45;0.3
10/09/2018 08:00;0.43
10/09/2018 08:15;0.6
10/09/2018 08:30;0.9
10/09/2018 08:45;0.96
10/09/2018 09:00;1.27
10/09/2018 09:15;1.39
10/09/2018 09:30;1.99
10/09/2018 09:45;1.67
10/09/2018 10:00;3.5
10/09/2018 10:15;3.58
10/09/2018 10:30;3.93
10/09/2018 10:45;2.92
10/09/2018 11:00;3.62
10/09/2018 11:15;4.64
10/09/2018 11:30;5.07
10/09/2018 11:45;3.14
10/09/2018 12:00;4.23
10/09/2018 12:15;3.09
10/09/2018 12:30;4.31
10/09/2018 12:45;4.38
10/09/2018 13:00;4.45
10/09/2018 13:15;4.28
10/09/2018 13:30;4.47
10/09/2018 13:45;3.94
10/09/2018 14:00;4.4
10/09/2018 14:15;4.15
10/09/2018 14:30;4.26
10/09/2018 14:45;3.9
10/09/2018 15:00;3.86
10/09/2018 15:15;3.66
10/09/2018 15:30;3.74
10/09/2018 15:45;3.89
10/09/2018 16:00;4.05
10/09/2018 16:15;3.7
10/09/2018 16:30;2.99
10/09/2018 16:45;2.72
10/09/2018 17:00;2.01
10/09/2018 17:15;2.43
10/09/2018 17:30;2.28
10/09/2018 17:45;2.19
10/09/2018 18:00;1.49
10/09/2018 18:15;1.26
10/09/2018 18:30;1.05
10/09/2018 18:45;0.95
10/09/2018 19:00;0.81
10/09/2018 19:15;0.44
10/09/2018 19:30;0.18
10/09/2018 19:45;0.05
10/09/2018 20:00;0
10/09/2018 20:15;0
10/09/2018 20:30;0
10/09/2018 20:45;0
10/09/2018 21:00;0
10/09/2018 21:15;0
10/09/2018 21:30;0
10/09/2018 21:45;0
10/09/2018 22:00;0
10/09/2018 22:15;0
10/09/2018 22:30;0
10/09/2018 22:45;0
10/09/2018 23:00;0
10/09/2018 23:15;0
10/09/2018 23:30;0
10/09/2018 23:45;0
11/09/2018 00:00;0
11/09/2018 00:15;0
11/09/2018 00:30;0
11/09/2018 00:45;0
11/09/2018 01:00;0
11/09/2018 01:15;0
11/09/2018 01:30;0
11/09/2018 01:45;0
11/09/2018 02:00;0
11/09/2018 02:15;0
11/09/2018 02:30;0
11/09/2018 02:45;0
11/09/2018 03:00;0
11/09/2018 03:15;0
11/09/2018 03:30;0
11/09/2018 03:45;0
11/09/2018 04:00;0
11/09/2018 04:15;0
11/09/2018 04:30;0
11/09/2018 04:45;0
11/09/2018 05:00;0
11/09/2018 05:15;0
11/09/2018 05:30;0
11/09/2018 05:45;0
11/09/2018 06:00;0
11/09/2018 06:15;0
11/09/2018 06:30;0
11/09/2018 06:45;0
11/09/2018 07:00;0
11/09/2018 07:15;0.04
11/09/2018 07:30;0.11
11/09/2018 07:45;0.28
11/09/2018 08:00;0.5
11/09/2018 08:15;0.82
11/09/2018 08:30;1.14
11/09/2018 08:45;1.55
11/09/2018 09:00;1.97
11/09/2018 09:15;2.43
11/09/2018 09:30;3.02
11/09/2018 09:45;3.35
11/09/2018 10:00;3.76
11/09/2018 10:15;4.18
11/09/2018 10:30;4.45
11/09/2018 10:45;4.88
11/09/2018 11:00;5.18
11/09/2018 11:15;5.47
11/09/2018 11:30;5.63
11/09/2018 11:45;6.18
11/09/2018 12:00;6.3
11/09/2018 12:15;5.52
11/09/2018 12:30;6.15
11/09/2018 12:45;6.66
11/09/2018 13:00;6.27
11/09/2018 13:15;6.68
11/09/2018 13:30;6.44
11/09/2018 13:45;6.16
11/09/2018 14:00;6.32
11/09/2018 14:15;6.07
11/09/2018 14:30;5.21
11/09/2018 14:45;6.16
11/09/2018 15:00;5.8
11/09/2018 15:15;5.74
11/09/2018 15:30;5.75
11/09/2018 15:45;7.26
11/09/2018 16:00;5.21
11/09/2018 16:15;4.64
11/09/2018 16:30;4.44
11/09/2018 16:45;4.07
11/09/2018 17:00;3.86
11/09/2018 17:15;3.41
11/09/2018 17:30;2.9
11/09/2018 17:45;2.49
11/09/2018 18:00;2.12
11/09/2018 18:15;1.63
11/09/2018 18:30;1.18
11/09/2018 18:45;0.83
11/09/2018 19:00;0.52
11/09/2018 19:15;0.28
11/09/2018 19:30;0.14
11/09/2018 19:45;0.05
11/09/2018 20:00;0
11/09/2018 20:15;0
11/09/2018 20:30;0
11/09/2018 20:45;0
11/09/2018 21:00;0
11/09/2018 21:15;0
11/09/2018 21:30;0
11/09/2018 21:45;0
11/09/2018 22:00;0
11/09/2018 22:15;0
11/09/2018 22:30;0
11/09/2018 22:45;0
11/09/2018 23:00;0
11/09/2018 23:15;0
11/09/2018 23:30;0
11/09/2018 23:45;0
12/09/2018 00:00;0
12/09/2018 00:15;0
12/09/2018 00:30;0
12/09/2018 00:45;0
12/09/2018 01:00;0
12/09/2018 01:15;0
12/09/2018 01:30;0
12/09/2018 01:45;0
12/09/2018 02:00;0
12/09/2018 02:15;0
12/09/2018 02:30;0
12/09/2018 02:45;0
12/09/2018 03:00;0
12/09/2018 03:15;0
12/09/2018 03:30;0
12/09/2018 03:45;0
12/09/2018 04:00;0
12/09/2018 04:15;0
12/09/2018 04:30;0
12/09/2018 04:45;0
12/09/2018 05:00;0
12/09/2018 05:15;0
12/09/2018 05:30;0
12/09/2018 05:45;0
12/09/2018 06:00;0
12/09/2018 06:15;0
12/09/2018 06:30;0
12/09/2018 06:45;0
12/09/2018 07:00;0
12/09/2018 07:15;0
12/09/2018 07:30;0.21
12/09/2018 07:45;0.3
12/09/2018 08:00;0.46
12/09/2018 08:15;0.78
12/09/2018 08:30;1.29
12/09/2018 08:45;1.66
12/09/2018 09:00;1.23
12/09/2018 09:15;1.79
12/09/2018 09:30;2.19
12/09/2018 09:45;1.38
12/09/2018 10:00;2.64
12/09/2018 10:15;3.62
12/09/2018 10:30;3.66
12/09/2018 10:45;2.79
12/09/2018 11:00;1.22
12/09/2018 11:15;3.54
12/09/2018 11:30;3.87
12/09/2018 11:45;4.8
12/09/2018 12:00;1.97
12/09/2018 12:15;3.17
12/09/2018 12:30;4.09
12/09/2018 12:45;4.12
12/09/2018 13:00;2.76
12/09/2018 13:15;2.42
12/09/2018 13:30;2.33
12/09/2018 13:45;4.82
12/09/2018 14:00;5.53
12/09/2018 14:15;1.93
12/09/2018 14:30;2.15
12/09/2018 14:45;1.53
12/09/2018 15:00;1.52
12/09/2018 15:15;1.4
12/09/2018 15:30;1.34
12/09/2018 15:45;1.3
12/09/2018 16:00;1.29
12/09/2018 16:15;1.3
12/09/2018 16:30;1.16
12/09/2018 16:45;1
12/09/2018 17:00;0.88
12/09/2018 17:15;0.74
12/09/2018 17:30;0.63
12/09/2018 17:45;0.52
12/09/2018 18:00;0.48
12/09/2018 18:15;0.38
12/09/2018 18:30;0.27
12/09/2018 18:45;0.21
12/09/2018 19:00;0.14
12/09/2018 19:15;0.04
12/09/2018 19:30;0.01
12/09/2018 19:45;0
12/09/2018 20:00;0
12/09/2018 20:15;0
12/09/2018 20:30;0
12/09/2018 20:45;0
12/09/2018 21:00;0
12/09/2018 21:15;0
12/09/2018 21:30;0
12/09/2018 21:45;0
12/09/2018 22:00;0
12/09/2018 22:15;0
12/09/2018 22:30;0
12/09/2018 22:45;0
12/09/2018 23:00;0
12/09/2018 23:15;0
12/09/2018 23:30;0
12/09/2018 23:45;0
13/09/2018 00:00;0
13/09/2018 00:15;0
13/09/2018 00:30;0
13/09/2018 00:45;0
13/09/2018 01:00;0
13/09/2018 01:15;0
13/09/2018 01:30;0
13/09/2018 01:45;0
13/09/2018 02:00;0
13/09/2018 02:15;0
13/09/2018 02:30;0
13/09/2018 02:45;0
13/09/2018 03:00;0
13/09/2018 03:15;0
13/09/2018 03:30;0
13/09/2018 03:45;0
13/09/2018 04:00;0
13/09/2018 04:15;0
13/09/2018 04:30;0
13/09/2018 04:45;0
13/09/2018 05:00;0
13/09/2018 05:15;0
13/09/2018 05:30;0
13/09/2018 05:45;0
13/09/2018 06:00;0
13/09/2018 06:15;0
13/09/2018 06:30;0
13/09/2018 06:45;0
13/09/2018 07:00;0
13/09/2018 07:15;0
13/09/2018 07:30;0
13/09/2018 07:45;0.02
13/09/2018 08:00;0.07
13/09/2018 08:15;0.18
13/09/2018 08:30;0.25
13/09/2018 08:45;0.54
13/09/2018 09:00;0.54
13/09/2018 09:15;0.47
13/09/2018 09:30;0.23
13/09/2018 09:45;1
13/09/2018 10:00;1.29
13/09/2018 10:15;1.45
13/09/2018 10:30;1.75
13/09/2018 10:45;2.1
13/09/2018 11:00;2.38
13/09/2018 11:15;2.58
13/09/2018 11:30;2.86
13/09/2018 11:45;3.17
13/09/2018 12:00;3.34
13/09/2018 12:15;3.52
13/09/2018 12:30;3.71
13/09/2018 12:45;3.88
13/09/2018 13:00;4.01
13/09/2018 13:15;4.18
13/09/2018 13:30;4.45
13/09/2018 13:45;4.62
13/09/2018 14:00;5.05
13/09/2018 14:15;4.21
13/09/2018 14:30;3.04
13/09/2018 14:45;2.74
13/09/2018 15:00;3.06
13/09/2018 15:15;3.05
13/09/2018 15:30;3.04
13/09/2018 15:45;3
13/09/2018 16:00;2.48
13/09/2018 16:15;1.75
13/09/2018 16:30;1.7
13/09/2018 16:45;1.4
13/09/2018 17:00;1.81
13/09/2018 17:15;1.38
13/09/2018 17:30;0.75
13/09/2018 17:45;0.44
13/09/2018 18:00;1.03
13/09/2018 18:15;1.55
13/09/2018 18:30;0.68
13/09/2018 18:45;0.65
13/09/2018 19:00;0.38
13/09/2018 19:15;0.2
13/09/2018 19:30;0.1
13/09/2018 19:45;0.03
13/09/2018 20:00;0
13/09/2018 20:15;0
13/09/2018 20:30;0
13/09/2018 20:45;0
13/09/2018 21:00;0
13/09/2018 21:15;0
13/09/2018 21:30;0
13/09/2018 21:45;0
13/09/2018 22:00;0
13/09/2018 22:15;0
13/09/2018 22:30;0
13/09/2018 22:45;0
13/09/2018 23:00;0
13/09/2018 23:15;0
13/09/2018 23:30;0
13/09/2018 23:45;0
14/09/2018 00:00;0
14/09/2018 00:15;0
14/09/2018 00:30;0
14/09/2018 00:45;0
14/09/2018 01:00;0
14/09/2018 01:15;0
14/09/2018 01:30;0
14/09/2018 01:45;0
14/09/2018 02:00;0
14/09/2018 02:15;0
14/09/2018 02:30;0
14/09/2018 02:45;0
14/09/2018 03:00;0
14/09/2018 03:15;0
14/09/2018 03:30;0
14/09/2018 03:45;0
14/09/2018 04:00;0
14/09/2018 04:15;0
14/09/2018 04:30;0
14/09/2018 04:45;0
14/09/2018 05:00;0
14/09/2018 05:15;0
14/09/2018 05:30;0
14/09/2018 05:45;0
14/09/2018 06:00;0
14/09/2018 06:15;0
14/09/2018 06:30;0
14/09/2018 06:45;0
14/09/2018 07:00;0
14/09/2018 07:15;0.03
14/09/2018 07:30;0.07
14/09/2018 07:45;0.26
14/09/2018 08:00;0.54
14/09/2018 08:15;0.88
14/09/2018 08:30;1.25
14/09/2018 08:45;1.82
14/09/2018 09:00;1.68
14/09/2018 09:15;2.32
14/09/2018 09:30;3
14/09/2018 09:45;3.82
14/09/2018 10:00;3.74
14/09/2018 10:15;3.92
14/09/2018 10:30;4.77
14/09/2018 10:45;4.65
14/09/2018 11:00;5.16
14/09/2018 11:15;6.4
14/09/2018 11:30;4.16
14/09/2018 11:45;4.88
14/09/2018 12:00;4.97
14/09/2018 12:15;3.47
14/09/2018 12:30;6.56
14/09/2018 12:45;6.61
14/09/2018 13:00;3.22
14/09/2018 13:15;5.42
14/09/2018 13:30;3.9
14/09/2018 13:45;3.77
14/09/2018 14:00;3.6
14/09/2018 14:15;3.4
14/09/2018 14:30;3.63
14/09/2018 14:45;3.41
14/09/2018 15:00;3.44
14/09/2018 15:15;3.69
14/09/2018 15:30;3.68
14/09/2018 15:45;3.26
14/09/2018 16:00;3.1
14/09/2018 16:15;2.84
14/09/2018 16:30;2.51
14/09/2018 16:45;2.32
14/09/2018 17:00;1.84
14/09/2018 17:15;1.87
14/09/2018 17:30;2.01
14/09/2018 17:45;1.3
14/09/2018 18:00;1.07
14/09/2018 18:15;0.94
14/09/2018 18:30;0.59
14/09/2018 18:45;0.66
14/09/2018 19:00;0.25
14/09/2018 19:15;0.04
14/09/2018 19:30;0.1
14/09/2018 19:45;0.02
14/09/2018 20:00;0
14/09/2018 20:15;0
14/09/2018 20:30;0
14/09/2018 20:45;0
14/09/2018 21:00;0
14/09/2018 21:15;0
14/09/2018 21:30;0
14/09/2018 21:45;0
14/09/2018 22:00;0
14/09/2018 22:15;0
14/09/2018 22:30;0
14/09/2018 22:45;0
14/09/2018 23:00;0
14/09/2018 23:15;0
14/09/2018 23:30;0
14/09/2018 23:45;0
15/09/2018 00:00;0
15/09/2018 00:15;0
15/09/2018 00:30;0
15/09/2018 00:45;0
15/09/2018 01:00;0
15/09/2018 01:15;0
15/09/2018 01:30;0
15/09/2018 01:45;0
15/09/2018 02:00;0
15/09/2018 02:15;0
15/09/2018 02:30;0
15/09/2018 02:45;0
15/09/2018 03:00;0
15/09/2018 03:15;0
15/09/2018 03:30;0
15/09/2018 03:45;0
15/09/2018 04:00;0
15/09/2018 04:15;0
15/09/2018 04:30;0
15/09/2018 04:45;0
15/09/2018 05:00;0
15/09/2018 05:15;0
15/09/2018 05:30;0
15/09/2018 05:45;0
15/09/2018 06:00;0
15/09/2018 06:15;0
15/09/2018 06:30;0
15/09/2018 06:45;0
15/09/2018 07:00;0
15/09/2018 07:15;0.02
15/09/2018 07:30;0.1
15/09/2018 07:45;0.24
15/09/2018 08:00;0.49
15/09/2018 08:15;0.8
15/09/2018 08:30;1.15
15/09/2018 08:45;1.57
15/09/2018 09:00;1.97
15/09/2018 09:15;2.38
15/09/2018 09:30;2.85
15/09/2018 09:45;3.64
15/09/2018 10:00;3.94
15/09/2018 10:15;3.72
15/09/2018 10:30;3.7
15/09/2018 10:45;4.78
15/09/2018 11:00;4.75
15/09/2018 11:15;4.77
15/09/2018 11:30;4.47
15/09/2018 11:45;4
15/09/2018 12:00;5.17
15/09/2018 12:15;5.72
15/09/2018 12:30;4.01
15/09/2018 12:45;5.81
15/09/2018 13:00;6.21
15/09/2018 13:15;5.36
15/09/2018 13:30;8.16
15/09/2018 13:45;3.59
15/09/2018 14:00;3.95
15/09/2018 14:15;3.27
15/09/2018 14:30;3.45
15/09/2018 14:45;3.1
15/09/2018 15:00;3.09
15/09/2018 15:15;3.38
15/09/2018 15:30;3.42
15/09/2018 15:45;3.37
15/09/2018 16:00;3.55
15/09/2018 16:15;3.59
15/09/2018 16:30;3.27
15/09/2018 16:45;3.05
15/09/2018 17:00;2.93
15/09/2018 17:15;2.49
15/09/2018 17:30;1.99
15/09/2018 17:45;1.68
15/09/2018 18:00;1.43
15/09/2018 18:15;1.04
15/09/2018 18:30;0.79
15/09/2018 18:45;0.46
15/09/2018 19:00;0.34
15/09/2018 19:15;0.16
15/09/2018 19:30;0.05
15/09/2018 19:45;0
15/09/2018 20:00;0
15/09/2018 20:15;0
15/09/2018 20:30;0
15/09/2018 20:45;0
15/09/2018 21:00;0
15/09/2018 21:15;0
15/09/2018 21:30;0
15/09/2018 21:45;0
15/09/2018 22:00;0
15/09/2018 22:15;0
15/09/2018 22:30;0
15/09/2018 22:45;0
15/09/2018 23:00;0
15/09/2018 23:15;0
15/09/2018 23:30;0
15/09/2018 23:45;0
16/09/2018 00:00;0
16/09/2018 00:15;0
16/09/2018 00:30;0
16/09/2018 00:45;0
16/09/2018 01:00;0
16/09/2018 01:15;0
16/09/2018 01:30;0
16/09/2018 01:45;0
16/09/2018 02:00;0
16/09/2018 02:15;0
16/09/2018 02:30;0
16/09/2018 02:45;0
16/09/2018 03:00;0
16/09/2018 03:15;0
16/09/2018 03:30;0
16/09/2018 03:45;0
16/09/2018 04:00;0
16/09/2018 04:15;0
16/09/2018 04:30;0
16/09/2018 04:45;0
16/09/2018 05:00;0
16/09/2018 05:15;0
16/09/2018 05:30;0
16/09/2018 05:45;0
16/09/2018 06:00;0
16/09/2018 06:15;0
16/09/2018 06:30;0
16/09/2018 06:45;0
16/09/2018 07:00;0
16/09/2018 07:15;0
16/09/2018 07:30;0.1
16/09/2018 07:45;0.34
16/09/2018 08:00;0.25
16/09/2018 08:15;0.99
16/09/2018 08:30;1.77
16/09/2018 08:45;1.3
16/09/2018 09:00;1.13
16/09/2018 09:15;2.29
16/09/2018 09:30;2.81
16/09/2018 09:45;3.1
16/09/2018 10:00;3.26
16/09/2018 10:15;3.67
16/09/2018 10:30;3.89
16/09/2018 10:45;4.23
16/09/2018 11:00;4.43
16/09/2018 11:15;4.73
16/09/2018 11:30;4.83
16/09/2018 11:45;5.04
16/09/2018 12:00;5.16
16/09/2018 12:15;5.4
16/09/2018 12:30;5.46
16/09/2018 12:45;5.65
16/09/2018 13:00;5.69
16/09/2018 13:15;5.62
16/09/2018 13:30;5.48
16/09/2018 13:45;5.59
16/09/2018 14:00;4.87
16/09/2018 14:15;5.36
16/09/2018 14:30;4.93
16/09/2018 14:45;6
16/09/2018 15:00;4.38
16/09/2018 15:15;4.14
16/09/2018 15:30;4.14
16/09/2018 15:45;3.82
16/09/2018 16:00;4.02
16/09/2018 16:15;3.12
16/09/2018 16:30;2.18
16/09/2018 16:45;1.96
16/09/2018 17:00;2.23
16/09/2018 17:15;1.92
16/09/2018 17:30;1.69
16/09/2018 17:45;1.8
16/09/2018 18:00;1.24
16/09/2018 18:15;1.16
16/09/2018 18:30;0.89
16/09/2018 18:45;0.67
16/09/2018 19:00;0.39
16/09/2018 19:15;0.22
16/09/2018 19:30;0.09
16/09/2018 19:45;0.01
16/09/2018 20:00;0
16/09/2018 20:15;0
16/09/2018 20:30;0
16/09/2018 20:45;0
16/09/2018 21:00;0
16/09/2018 21:15;0
16/09/2018 21:30;0
16/09/2018 21:45;0
16/09/2018 22:00;0
16/09/2018 22:15;0
16/09/2018 22:30;0
16/09/2018 22:45;0
16/09/2018 23:00;0
16/09/2018 23:15;0
16/09/2018 23:30;0
16/09/2018 23:45;0
17/09/2018 00:00;0
17/09/2018 00:15;0
17/09/2018 00:30;0
17/09/2018 00:45;0
17/09/2018 01:00;0
17/09/2018 01:15;0
17/09/2018 01:30;0
17/09/2018 01:45;0
17/09/2018 02:00;0
17/09/2018 02:15;0
17/09/2018 02:30;0
17/09/2018 02:45;0
17/09/2018 03:00;0
17/09/2018 03:15;0
17/09/2018 03:30;0
17/09/2018 03:45;0
17/09/2018 04:00;0
17/09/2018 04:15;0
17/09/2018 04:30;0
17/09/2018 04:45;0
17/09/2018 05:00;0
17/09/2018 05:15;0
17/09/2018 05:30;0
17/09/2018 05:45;0
17/09/2018 06:00;0
17/09/2018 06:15;0
17/09/2018 06:30;0
17/09/2018 06:45;0
17/09/2018 07:00;0
17/09/2018 07:15;0.02
17/09/2018 07:30;0.09
17/09/2018 07:45;0.25
17/09/2018 08:00;0.56
17/09/2018 08:15;1.04
17/09/2018 08:30;1.17
17/09/2018 08:45;1.56
17/09/2018 09:00;2.12
17/09/2018 09:15;2.44
17/09/2018 09:30;2.66
17/09/2018 09:45;2.67
17/09/2018 10:00;3.02
17/09/2018 10:15;3.22
17/09/2018 10:30;4.34
17/09/2018 10:45;2.64
17/09/2018 11:00;4.42
17/09/2018 11:15;5.58
17/09/2018 11:30;5.33
17/09/2018 11:45;5.26
17/09/2018 12:00;6.58
17/09/2018 12:15;6.48
17/09/2018 12:30;6.56
17/09/2018 12:45;6.98
17/09/2018 13:00;5.07
17/09/2018 13:15;5.84
17/09/2018 13:30;6.21
17/09/2018 13:45;6.3
17/09/2018 14:00;6.22
17/09/2018 14:15;6.04
17/09/2018 14:30;6.01
17/09/2018 14:45;5.81
17/09/2018 15:00;5.71
17/09/2018 15:15;5.55
17/09/2018 15:30;5.36
17/09/2018 15:45;5.01
17/09/2018 16:00;4.77
17/09/2018 16:15;4.49
17/09/2018 16:30;4.13
17/09/2018 16:45;3.73
17/09/2018 17:00;3.44
17/09/2018 17:15;3.02
17/09/2018 17:30;2.36
17/09/2018 17:45;2.17
17/09/2018 18:00;1.9
17/09/2018 18:15;0.97
17/09/2018 18:30;1.03
17/09/2018 18:45;0.58
17/09/2018 19:00;0.49
17/09/2018 19:15;0.14
17/09/2018 19:30;0.05
17/09/2018 19:45;0
17/09/2018 20:00;0
17/09/2018 20:15;0
17/09/2018 20:30;0
17/09/2018 20:45;0
17/09/2018 21:00;0
17/09/2018 21:15;0
17/09/2018 21:30;0
17/09/2018 21:45;0
17/09/2018 22:00;0
17/09/2018 22:15;0
17/09/2018 22:30;0
17/09/2018 22:45;0
17/09/2018 23:00;0
17/09/2018 23:15;0
17/09/2018 23:30;0
17/09/2018 23:45;0
18/09/2018 00:00;0
18/09/2018 00:15;0
18/09/2018 00:30;0
18/09/2018 00:45;0
18/09/2018 01:00;0
18/09/2018 01:15;0
18/09/2018 01:30;0
18/09/2018 01:45;0
18/09/2018 02:00;0
18/09/2018 02:15;0
18/09/2018 02:30;0
18/09/2018 02:45;0
18/09/2018 03:00;0
18/09/2018 03:15;0
18/09/2018 03:30;0
18/09/2018 03:45;0
18/09/2018 04:00;0
18/09/2018 04:15;0
18/09/2018 04:30;0
18/09/2018 04:45;0
18/09/2018 05:00;0
18/09/2018 05:15;0
18/09/2018 05:30;0
18/09/2018 05:45;0
18/09/2018 06:00;0
18/09/2018 06:15;0
18/09/2018 06:30;0
18/09/2018 06:45;0
18/09/2018 07:00;0
18/09/2018 07:15;0
18/09/2018 07:30;0.06
18/09/2018 07:45;0.84
18/09/2018 08:00;0.45
18/09/2018 08:15;0.78
18/09/2018 08:30;1.08
18/09/2018 08:45;1.48
18/09/2018 09:00;1.89
18/09/2018 09:15;2.34
18/09/2018 09:30;2.81
18/09/2018 09:45;3.16
18/09/2018 10:00;3.56
18/09/2018 10:15;3.94
18/09/2018 10:30;4.24
18/09/2018 10:45;4.54
18/09/2018 11:00;4.79
18/09/2018 11:15;5.04
18/09/2018 11:30;5.21
18/09/2018 11:45;5.56
18/09/2018 12:00;5.75
18/09/2018 12:15;5.85
18/09/2018 12:30;5.56
18/09/2018 12:45;6.05
18/09/2018 13:00;6.31
18/09/2018 13:15;6.48
18/09/2018 13:30;5.46
18/09/2018 13:45;5.58
18/09/2018 14:00;5.98
18/09/2018 14:15;5.49
18/09/2018 14:30;5.12
18/09/2018 14:45;6.18
18/09/2018 15:00;5.29
18/09/2018 15:15;4.97
18/09/2018 15:30;4.98
18/09/2018 15:45;4.63
18/09/2018 16:00;4.6
18/09/2018 16:15;5.12
18/09/2018 16:30;4.08
18/09/2018 16:45;4.06
18/09/2018 17:00;3.61
18/09/2018 17:15;2.72
18/09/2018 17:30;2.26
18/09/2018 17:45;1.76
18/09/2018 18:00;1.44
18/09/2018 18:15;1.1
18/09/2018 18:30;0.75
18/09/2018 18:45;0.47
18/09/2018 19:00;0.23
18/09/2018 19:15;0.1
18/09/2018 19:30;0.03
18/09/2018 19:45;0
18/09/2018 20:00;0
18/09/2018 20:15;0
18/09/2018 20:30;0
18/09/2018 20:45;0
18/09/2018 21:00;0
18/09/2018 21:15;0
18/09/2018 21:30;0
18/09/2018 21:45;0
18/09/2018 22:00;0
18/09/2018 22:15;0
18/09/2018 22:30;0
18/09/2018 22:45;0
18/09/2018 23:00;0
18/09/2018 23:15;0
18/09/2018 23:30;0
18/09/2018 23:45;0
19/09/2018 00:00;0
19/09/2018 00:15;0
19/09/2018 00:30;0
19/09/2018 00:45;0
19/09/2018 01:00;0
19/09/2018 01:15;0
19/09/2018 01:30;0
19/09/2018 01:45;0
19/09/2018 02:00;0
19/09/2018 02:15;0
19/09/2018 02:30;0
19/09/2018 02:45;0
19/09/2018 03:00;0
19/09/2018 03:15;0
19/09/2018 03:30;0
19/09/2018 03:45;0
19/09/2018 04:00;0
19/09/2018 04:15;0
19/09/2018 04:30;0
19/09/2018 04:45;0
19/09/2018 05:00;0
19/09/2018 05:15;0
19/09/2018 05:30;0
19/09/2018 05:45;0
19/09/2018 06:00;0
19/09/2018 06:15;0
19/09/2018 06:30;0
19/09/2018 06:45;0
19/09/2018 07:00;0
19/09/2018 07:15;0
19/09/2018 07:30;0.08
19/09/2018 07:45;0.2
19/09/2018 08:00;0.46
19/09/2018 08:15;0.61
19/09/2018 08:30;1.06
19/09/2018 08:45;1.1
19/09/2018 09:00;1.57
19/09/2018 09:15;2.31
19/09/2018 09:30;2.36
19/09/2018 09:45;3.19
19/09/2018 10:00;3.67
19/09/2018 10:15;3.62
19/09/2018 10:30;4.79
19/09/2018 10:45;4.24
19/09/2018 11:00;5.21
19/09/2018 11:15;4.7
19/09/2018 11:30;4.58
19/09/2018 11:45;4.76
19/09/2018 12:00;5.01
19/09/2018 12:15;5.07
19/09/2018 12:30;5.05
19/09/2018 12:45;5.12
19/09/2018 13:00;5.2
19/09/2018 13:15;5.29
19/09/2018 13:30;5.35
19/09/2018 13:45;5.67
19/09/2018 14:00;5.64
19/09/2018 14:15;5.5
19/09/2018 14:30;5.33
19/09/2018 14:45;5.02
19/09/2018 15:00;5.4
19/09/2018 15:15;4.92
19/09/2018 15:30;5.1
19/09/2018 15:45;4.66
19/09/2018 16:00;5.42
19/09/2018 16:15;4.4
19/09/2018 16:30;3.66
19/09/2018 16:45;3.68
19/09/2018 17:00;3.42
19/09/2018 17:15;1.75
19/09/2018 17:30;2.01
19/09/2018 17:45;1.64
19/09/2018 18:00;1.33
19/09/2018 18:15;0.94
19/09/2018 18:30;0.7
19/09/2018 18:45;0.4
19/09/2018 19:00;0.18
19/09/2018 19:15;0.12
19/09/2018 19:30;0.03
19/09/2018 19:45;0
19/09/2018 20:00;0
19/09/2018 20:15;0
19/09/2018 20:30;0
19/09/2018 20:45;0
19/09/2018 21:00;0
19/09/2018 21:15;0
19/09/2018 21:30;0
19/09/2018 21:45;0
19/09/2018 22:00;0
19/09/2018 22:15;0
19/09/2018 22:30;0
19/09/2018 22:45;0
19/09/2018 23:00;0
19/09/2018 23:15;0
19/09/2018 23:30;0
19/09/2018 23:45;0
20/09/2018 00:00;0
20/09/2018 00:15;0
20/09/2018 00:30;0
20/09/2018 00:45;0
20/09/2018 01:00;0
20/09/2018 01:15;0
20/09/2018 01:30;0
20/09/2018 01:45;0
20/09/2018 02:00;0
20/09/2018 02:15;0
20/09/2018 02:30;0
20/09/2018 02:45;0
20/09/2018 03:00;0
20/09/2018 03:15;0
20/09/2018 03:30;0
20/09/2018 03:45;0
20/09/2018 04:00;0
20/09/2018 04:15;0
20/09/2018 04:30;0
20/09/2018 04:45;0
20/09/2018 05:00;0
20/09/2018 05:15;0
20/09/2018 05:30;0
20/09/2018 05:45;0
20/09/2018 06:00;0
20/09/2018 06:15;0
20/09/2018 06:30;0
20/09/2018 06:45;0
20/09/2018 07:00;0
20/09/2018 07:15;0
20/09/2018 07:30;0.03
20/09/2018 07:45;0.22
20/09/2018 08:00;0.39
20/09/2018 08:15;0.68
20/09/2018 08:30;0.96
20/09/2018 08:45;1.27
20/09/2018 09:00;1.62
20/09/2018 09:15;2.06
20/09/2018 09:30;2.45
20/09/2018 09:45;2.74
20/09/2018 10:00;2.97
20/09/2018 10:15;3.22
20/09/2018 10:30;3.49
20/09/2018 10:45;3.72
20/09/2018 11:00;3.79
20/09/2018 11:15;3.99
20/09/2018 11:30;4.05
20/09/2018 11:45;4.02
20/09/2018 12:00;4.14
20/09/2018 12:15;4.37
20/09/2018 12:30;4.51
20/09/2018 12:45;4.87
20/09/2018 13:00;4.86
20/09/2018 13:15;5.55
20/09/2018 13:30;5.2
20/09/2018 13:45;4.86
20/09/2018 14:00;5.63
20/09/2018 14:15;5.88
20/09/2018 14:30;5.46
20/09/2018 14:45;4.77
20/09/2018 15:00;5.34
20/09/2018 15:15;5.57
20/09/2018 15:30;5.82
20/09/2018 15:45;5.34
20/09/2018 16:00;4.42
20/09/2018 16:15;4.15
20/09/2018 16:30;3.5
20/09/2018 16:45;3.44
20/09/2018 17:00;2.46
20/09/2018 17:15;2.99
20/09/2018 17:30;1.11
20/09/2018 17:45;1.43
20/09/2018 18:00;1.2
20/09/2018 18:15;0.82
20/09/2018 18:30;0.61
20/09/2018 18:45;0.4
20/09/2018 19:00;0.2
20/09/2018 19:15;0.09
20/09/2018 19:30;0.02
20/09/2018 19:45;0
20/09/2018 20:00;0
20/09/2018 20:15;0
20/09/2018 20:30;0
20/09/2018 20:45;0
20/09/2018 21:00;0
20/09/2018 21:15;0
20/09/2018 21:30;0
20/09/2018 21:45;0
20/09/2018 22:00;0
20/09/2018 22:15;0
20/09/2018 22:30;0
20/09/2018 22:45;0
20/09/2018 23:00;0
20/09/2018 23:15;0
20/09/2018 23:30;0
20/09/2018 23:45;0
21/09/2018 00:00;0
21/09/2018 00:15;0
21/09/2018 00:30;0
21/09/2018 00:45;0
21/09/2018 01:00;0
21/09/2018 01:15;0
21/09/2018 01:30;0
21/09/2018 01:45;0
21/09/2018 02:00;0
21/09/2018 02:15;0
21/09/2018 02:30;0
21/09/2018 02:45;0
21/09/2018 03:00;0
21/09/2018 03:15;0
21/09/2018 03:30;0
21/09/2018 03:45;0
21/09/2018 04:00;0
21/09/2018 04:15;0
21/09/2018 04:30;0
21/09/2018 04:45;0
21/09/2018 05:00;0
21/09/2018 05:15;0
21/09/2018 05:30;0
21/09/2018 05:45;0
21/09/2018 06:00;0
21/09/2018 06:15;0
21/09/2018 06:30;0
21/09/2018 06:45;0
21/09/2018 07:00;0
21/09/2018 07:15;0
21/09/2018 07:30;0
21/09/2018 07:45;0.02
21/09/2018 08:00;0.04
21/09/2018 08:15;0.09
21/09/2018 08:30;0.15
21/09/2018 08:45;0.2
21/09/2018 09:00;0.37
21/09/2018 09:15;0.29
21/09/2018 09:30;0.24
21/09/2018 09:45;0.48
21/09/2018 10:00;0.72
21/09/2018 10:15;1.04
21/09/2018 10:30;1.1
21/09/2018 10:45;1.26
21/09/2018 11:00;1.98
21/09/2018 11:15;3.09
21/09/2018 11:30;1.69
21/09/2018 11:45;1.6
21/09/2018 12:00;1.75
21/09/2018 12:15;2.45
21/09/2018 12:30;3.12
21/09/2018 12:45;3.53
21/09/2018 13:00;3.52
21/09/2018 13:15;4.18
21/09/2018 13:30;4.43
21/09/2018 13:45;4.78
21/09/2018 14:00;4.84
21/09/2018 14:15;4.83
21/09/2018 14:30;4.79
21/09/2018 14:45;4.82
21/09/2018 15:00;4.98
21/09/2018 15:15;4.99
21/09/2018 15:30;4.65
21/09/2018 15:45;4.4
21/09/2018 16:00;4.17
21/09/2018 16:15;3.88
21/09/2018 16:30;3.77
21/09/2018 16:45;3.11
21/09/2018 17:00;2.99
21/09/2018 17:15;2.51
21/09/2018 17:30;1.97
21/09/2018 17:45;1.52
21/09/2018 18:00;1.3
21/09/2018 18:15;1.01
21/09/2018 18:30;0.69
21/09/2018 18:45;0.41
21/09/2018 19:00;0.27
21/09/2018 19:15;0.09
21/09/2018 19:30;0.01
21/09/2018 19:45;0
21/09/2018 20:00;0
21/09/2018 20:15;0
21/09/2018 20:30;0
21/09/2018 20:45;0
21/09/2018 21:00;0
21/09/2018 21:15;0
21/09/2018 21:30;0
21/09/2018 21:45;0
21/09/2018 22:00;0
21/09/2018 22:15;0
21/09/2018 22:30;0
21/09/2018 22:45;0
21/09/2018 23:00;0
21/09/2018 23:15;0
21/09/2018 23:30;0
21/09/2018 23:45;0
22/09/2018 00:00;0
22/09/2018 00:15;0
22/09/2018 00:30;0
22/09/2018 00:45;0
22/09/2018 01:00;0
22/09/2018 01:15;0
22/09/2018 01:30;0
22/09/2018 01:45;0
22/09/2018 02:00;0
22/09/2018 02:15;0
22/09/2018 02:30;0
22/09/2018 02:45;0
22/09/2018 03:00;0
22/09/2018 03:15;0
22/09/2018 03:30;0
22/09/2018 03:45;0
22/09/2018 04:00;0
22/09/2018 04:15;0
22/09/2018 04:30;0
22/09/2018 04:45;0
22/09/2018 05:00;0
22/09/2018 05:15;0
22/09/2018 05:30;0
22/09/2018 05:45;0
22/09/2018 06:00;0
22/09/2018 06:15;0
22/09/2018 06:30;0
22/09/2018 06:45;0
22/09/2018 07:00;0
22/09/2018 07:15;0
22/09/2018 07:30;0
22/09/2018 07:45;0.07
22/09/2018 08:00;0.25
22/09/2018 08:15;0.5
22/09/2018 08:30;0.44
22/09/2018 08:45;0.83
22/09/2018 09:00;1.06
22/09/2018 09:15;1.4
22/09/2018 09:30;1.69
22/09/2018 09:45;1.83
22/09/2018 10:00;1.91
22/09/2018 10:15;1.88
22/09/2018 10:30;2.09
22/09/2018 10:45;2.67
22/09/2018 11:00;3.02
22/09/2018 11:15;3.32
22/09/2018 11:30;3.25
22/09/2018 11:45;2.96
22/09/2018 12:00;2.86
22/09/2018 12:15;2.77
22/09/2018 12:30;2.68
22/09/2018 12:45;2.48
22/09/2018 13:00;2.44
22/09/2018 13:15;1.49
22/09/2018 13:30;1.62
22/09/2018 13:45;1.66
22/09/2018 14:00;1.86
22/09/2018 14:15;1.52
22/09/2018 14:30;1.07
22/09/2018 14:45;0.76
22/09/2018 15:00;0.85
22/09/2018 15:15;1.1
22/09/2018 15:30;1.1
22/09/2018 15:45;0.78
22/09/2018 16:00;0.81
22/09/2018 16:15;1.25
22/09/2018 16:30;0.89
22/09/2018 16:45;0.55
22/09/2018 17:00;0.38
22/09/2018 17:15;0.42
22/09/2018 17:30;0.24
22/09/2018 17:45;0.22
22/09/2018 18:00;0.25
22/09/2018 18:15;0.23
22/09/2018 18:30;0.18
22/09/2018 18:45;0.12
22/09/2018 19:00;0.06
22/09/2018 19:15;0.02
22/09/2018 19:30;0
22/09/2018 19:45;0
22/09/2018 20:00;0
22/09/2018 20:15;0
22/09/2018 20:30;0
22/09/2018 20:45;0
22/09/2018 21:00;0
22/09/2018 21:15;0
22/09/2018 21:30;0
22/09/2018 21:45;0
22/09/2018 22:00;0
22/09/2018 22:15;0
22/09/2018 22:30;0
22/09/2018 22:45;0
22/09/2018 23:00;0
22/09/2018 23:15;0
22/09/2018 23:30;0
22/09/2018 23:45;0
23/09/2018 00:00;0
23/09/2018 00:15;0
23/09/2018 00:30;0
23/09/2018 00:45;0
23/09/2018 01:00;0
23/09/2018 01:15;0
23/09/2018 01:30;0
23/09/2018 01:45;0
23/09/2018 02:00;0
23/09/2018 02:15;0
23/09/2018 02:30;0
23/09/2018 02:45;0
23/09/2018 03:00;0
23/09/2018 03:15;0
23/09/2018 03:30;0
23/09/2018 03:45;0
23/09/2018 04:00;0
23/09/2018 04:15;0
23/09/2018 04:30;0
23/09/2018 04:45;0
23/09/2018 05:00;0
23/09/2018 05:15;0
23/09/2018 05:30;0
23/09/2018 05:45;0
23/09/2018 06:00;0
23/09/2018 06:15;0
23/09/2018 06:30;0
23/09/2018 06:45;0
23/09/2018 07:00;0
23/09/2018 07:15;0
23/09/2018 07:30;0
23/09/2018 07:45;0
23/09/2018 08:00;0.05
23/09/2018 08:15;0.08
23/09/2018 08:30;0.23
23/09/2018 08:45;0.25
23/09/2018 09:00;0.33
23/09/2018 09:15;0.39
23/09/2018 09:30;0.54
23/09/2018 09:45;0.74
23/09/2018 10:00;0.59
23/09/2018 10:15;0.77
23/09/2018 10:30;1.18
23/09/2018 10:45;0.79
23/09/2018 11:00;0.93
23/09/2018 11:15;1.03
23/09/2018 11:30;0.66
23/09/2018 11:45;0.35
23/09/2018 12:00;1.23
23/09/2018 12:15;0.42
23/09/2018 12:30;0.8
23/09/2018 12:45;0.57
23/09/2018 13:00;0.7
23/09/2018 13:15;0.8
23/09/2018 13:30;0.78
23/09/2018 13:45;0.89
23/09/2018 14:00;0.92
23/09/2018 14:15;1.05
23/09/2018 14:30;1.15
23/09/2018 14:45;1.5
23/09/2018 15:00;1.75
23/09/2018 15:15;2.12
23/09/2018 15:30;1.98
23/09/2018 15:45;1.55
23/09/2018 16:00;1.11
23/09/2018 16:15;0.84
23/09/2018 16:30;0.65
23/09/2018 16:45;0.53
23/09/2018 17:00;0.4
23/09/2018 17:15;0.38
23/09/2018 17:30;0.14
23/09/2018 17:45;0.15
23/09/2018 18:00;0.27
23/09/2018 18:15;0.2
23/09/2018 18:30;0.24
23/09/2018 18:45;0.2
23/09/2018 19:00;0.08
23/09/2018 19:15;0.02
23/09/2018 19:30;0
23/09/2018 19:45;0
23/09/2018 20:00;0
23/09/2018 20:15;0
23/09/2018 20:30;0
23/09/2018 20:45;0
23/09/2018 21:00;0
23/09/2018 21:15;0
23/09/2018 21:30;0
23/09/2018 21:45;0
23/09/2018 22:00;0
23/09/2018 22:15;0
23/09/2018 22:30;0
23/09/2018 22:45;0
23/09/2018 23:00;0
23/09/2018 23:15;0
23/09/2018 23:30;0
23/09/2018 23:45;0
24/09/2018 00:00;0
24/09/2018 00:15;0
24/09/2018 00:30;0
24/09/2018 00:45;0
24/09/2018 01:00;0
24/09/2018 01:15;0
24/09/2018 01:30;0
24/09/2018 01:45;0
24/09/2018 02:00;0
24/09/2018 02:15;0
24/09/2018 02:30;0
24/09/2018 02:45;0
24/09/2018 03:00;0
24/09/2018 03:15;0
24/09/2018 03:30;0
24/09/2018 03:45;0
24/09/2018 04:00;0
24/09/2018 04:15;0
24/09/2018 04:30;0
24/09/2018 04:45;0
24/09/2018 05:00;0
24/09/2018 05:15;0
24/09/2018 05:30;0
24/09/2018 05:45;0
24/09/2018 06:00;0
24/09/2018 06:15;0
24/09/2018 06:30;0
24/09/2018 06:45;0
24/09/2018 07:00;0
24/09/2018 07:15;0
24/09/2018 07:30;0
24/09/2018 07:45;0.08
24/09/2018 08:00;0.27
24/09/2018 08:15;0.51
24/09/2018 08:30;0.74
24/09/2018 08:45;1.09
24/09/2018 09:00;1.42
24/09/2018 09:15;1.76
24/09/2018 09:30;2.18
24/09/2018 09:45;2.52
24/09/2018 10:00;2.95
24/09/2018 10:15;3.4
24/09/2018 10:30;3.32
24/09/2018 10:45;3.63
24/09/2018 11:00;3.62
24/09/2018 11:15;3.67
24/09/2018 11:30;3.73
24/09/2018 11:45;3.87
24/09/2018 12:00;4.18
24/09/2018 12:15;3.33
24/09/2018 12:30;3.34
24/09/2018 12:45;3.74
24/09/2018 13:00;5.36
24/09/2018 13:15;4.45
24/09/2018 13:30;5.76
24/09/2018 13:45;5.81
24/09/2018 14:00;4.28
24/09/2018 14:15;6.22
24/09/2018 14:30;2.81
24/09/2018 14:45;3.79
24/09/2018 15:00;2.57
24/09/2018 15:15;2.84
24/09/2018 15:30;4.64
24/09/2018 15:45;4.44
24/09/2018 16:00;2.27
24/09/2018 16:15;3.39
24/09/2018 16:30;3.14
24/09/2018 16:45;3.19
24/09/2018 17:00;1.65
24/09/2018 17:15;2.31
24/09/2018 17:30;2.07
24/09/2018 17:45;1.65
24/09/2018 18:00;1.27
24/09/2018 18:15;0.91
24/09/2018 18:30;0.65
24/09/2018 18:45;0.35
24/09/2018 19:00;0.16
24/09/2018 19:15;0.06
24/09/2018 19:30;0.01
24/09/2018 19:45;0
24/09/2018 20:00;0
24/09/2018 20:15;0
24/09/2018 20:30;0
24/09/2018 20:45;0
24/09/2018 21:00;0
24/09/2018 21:15;0
24/09/2018 21:30;0
24/09/2018 21:45;0
24/09/2018 22:00;0
24/09/2018 22:15;0
24/09/2018 22:30;0
24/09/2018 22:45;0
24/09/2018 23:00;0
24/09/2018 23:15;0
24/09/2018 23:30;0
24/09/2018 23:45;0
25/09/2018 00:00;0
25/09/2018 00:15;0
25/09/2018 00:30;0
25/09/2018 00:45;0
25/09/2018 01:00;0
25/09/2018 01:15;0
25/09/2018 01:30;0
25/09/2018 01:45;0
25/09/2018 02:00;0
25/09/2018 02:15;0
25/09/2018 02:30;0
25/09/2018 02:45;0
25/09/2018 03:00;0
25/09/2018 03:15;0
25/09/2018 03:30;0
25/09/2018 03:45;0
25/09/2018 04:00;0
25/09/2018 04:15;0
25/09/2018 04:30;0
25/09/2018 04:45;0
25/09/2018 05:00;0
25/09/2018 05:15;0
25/09/2018 05:30;0
25/09/2018 05:45;0
25/09/2018 06:00;0
25/09/2018 06:15;0
25/09/2018 06:30;0
25/09/2018 06:45;0
25/09/2018 07:00;0
25/09/2018 07:15;0
25/09/2018 07:30;0
25/09/2018 07:45;0.11
25/09/2018 08:00;0.37
25/09/2018 08:15;0.61
25/09/2018 08:30;0.85
25/09/2018 08:45;1.83
25/09/2018 09:00;1.99
25/09/2018 09:15;2.58
25/09/2018 09:30;2.79
25/09/2018 09:45;3.06
25/09/2018 10:00;3.26
25/09/2018 10:15;3.88
25/09/2018 10:30;4.89
25/09/2018 10:45;5.46
25/09/2018 11:00;3.73
25/09/2018 11:15;3.84
25/09/2018 11:30;3.89
25/09/2018 11:45;7.69
25/09/2018 12:00;5.69
25/09/2018 12:15;5.78
25/09/2018 12:30;5.89
25/09/2018 12:45;5.87
25/09/2018 13:00;5.7
25/09/2018 13:15;5.64
25/09/2018 13:30;5.5
25/09/2018 13:45;5.71
25/09/2018 14:00;5.49
25/09/2018 14:15;5.35
25/09/2018 14:30;5.18
25/09/2018 14:45;4.82
25/09/2018 15:00;4.77
25/09/2018 15:15;4.6
25/09/2018 15:30;4.32
25/09/2018 15:45;4.2
25/09/2018 16:00;4.05
25/09/2018 16:15;3.77
25/09/2018 16:30;3.7
25/09/2018 16:45;2.41
25/09/2018 17:00;3.13
25/09/2018 17:15;3.27
25/09/2018 17:30;2.35
25/09/2018 17:45;2.69
25/09/2018 18:00;1.26
25/09/2018 18:15;1.45
25/09/2018 18:30;0.55
25/09/2018 18:45;0.55
25/09/2018 19:00;0.25
25/09/2018 19:15;0.05
25/09/2018 19:30;0
25/09/2018 19:45;0
25/09/2018 20:00;0
25/09/2018 20:15;0
25/09/2018 20:30;0
25/09/2018 20:45;0
25/09/2018 21:00;0
25/09/2018 21:15;0
25/09/2018 21:30;0
25/09/2018 21:45;0
25/09/2018 22:00;0
25/09/2018 22:15;0
25/09/2018 22:30;0
25/09/2018 22:45;0
25/09/2018 23:00;0
25/09/2018 23:15;0
25/09/2018 23:30;0
25/09/2018 23:45;0
26/09/2018 00:00;0
26/09/2018 00:15;0
26/09/2018 00:30;0
26/09/2018 00:45;0
26/09/2018 01:00;0
26/09/2018 01:15;0
26/09/2018 01:30;0
26/09/2018 01:45;0
26/09/2018 02:00;0
26/09/2018 02:15;0
26/09/2018 02:30;0
26/09/2018 02:45;0
26/09/2018 03:00;0
26/09/2018 03:15;0
26/09/2018 03:30;0
26/09/2018 03:45;0
26/09/2018 04:00;0
26/09/2018 04:15;0
26/09/2018 04:30;0
26/09/2018 04:45;0
26/09/2018 05:00;0
26/09/2018 05:15;0
26/09/2018 05:30;0
26/09/2018 05:45;0
26/09/2018 06:00;0
26/09/2018 06:15;0
26/09/2018 06:30;0
26/09/2018 06:45;0
26/09/2018 07:00;0
26/09/2018 07:15;0
26/09/2018 07:30;0.02
26/09/2018 07:45;0.11
26/09/2018 08:00;0.28
26/09/2018 08:15;0.56
26/09/2018 08:30;0.81
26/09/2018 08:45;1.09
26/09/2018 09:00;1.28
26/09/2018 09:15;1.68
26/09/2018 09:30;2.16
26/09/2018 09:45;2.56
26/09/2018 10:00;3.01
26/09/2018 10:15;3.58
26/09/2018 10:30;4.01
26/09/2018 10:45;4.5
26/09/2018 11:00;4.89
26/09/2018 11:15;5.57
26/09/2018 11:30;6.38
26/09/2018 11:45;7.43
26/09/2018 12:00;6.36
26/09/2018 12:15;7.16
26/09/2018 12:30;6.25
26/09/2018 12:45;6.36
26/09/2018 13:00;5.6
26/09/2018 13:15;6.61
26/09/2018 13:30;6.48
26/09/2018 13:45;5.78
26/09/2018 14:00;6.65
26/09/2018 14:15;7.11
26/09/2018 14:30;6.76
26/09/2018 14:45;5.96
26/09/2018 15:00;5.18
26/09/2018 15:15;6.5
26/09/2018 15:30;5.79
26/09/2018 15:45;5.11
26/09/2018 16:00;5.79
26/09/2018 16:15;4.89
26/09/2018 16:30;3.57
26/09/2018 16:45;3.66
26/09/2018 17:00;3.18
26/09/2018 17:15;3.26
26/09/2018 17:30;2.96
26/09/2018 17:45;2.39
26/09/2018 18:00;2.02
26/09/2018 18:15;1.59
26/09/2018 18:30;0.27
26/09/2018 18:45;0.34
26/09/2018 19:00;0.06
26/09/2018 19:15;0.03
26/09/2018 19:30;0
26/09/2018 19:45;0
26/09/2018 20:00;0
26/09/2018 20:15;0
26/09/2018 20:30;0
26/09/2018 20:45;0
26/09/2018 21:00;0
26/09/2018 21:15;0
26/09/2018 21:30;0
26/09/2018 21:45;0
26/09/2018 22:00;0
26/09/2018 22:15;0
26/09/2018 22:30;0
26/09/2018 22:45;0
26/09/2018 23:00;0
26/09/2018 23:15;0
26/09/2018 23:30;0
26/09/2018 23:45;0
27/09/2018 00:00;0
27/09/2018 00:15;0
27/09/2018 00:30;0
27/09/2018 00:45;0
27/09/2018 01:00;0
27/09/2018 01:15;0
27/09/2018 01:30;0
27/09/2018 01:45;0
27/09/2018 02:00;0
27/09/2018 02:15;0
27/09/2018 02:30;0
27/09/2018 02:45;0
27/09/2018 03:00;0
27/09/2018 03:15;0
27/09/2018 03:30;0
27/09/2018 03:45;0
27/09/2018 04:00;0
27/09/2018 04:15;0
27/09/2018 04:30;0
27/09/2018 04:45;0
27/09/2018 05:00;0
27/09/2018 05:15;0
27/09/2018 05:30;0
27/09/2018 05:45;0
27/09/2018 06:00;0
27/09/2018 06:15;0
27/09/2018 06:30;0
27/09/2018 06:45;0
27/09/2018 07:00;0
27/09/2018 07:15;0
27/09/2018 07:30;0.01
27/09/2018 07:45;0.1
27/09/2018 08:00;0.3
27/09/2018 08:15;0.62
27/09/2018 08:30;0.95
27/09/2018 08:45;1.34
27/09/2018 09:00;1.93
27/09/2018 09:15;1.94
27/09/2018 09:30;2.77
27/09/2018 09:45;3.23
27/09/2018 10:00;3.29
27/09/2018 10:15;4.51
27/09/2018 10:30;4.69
27/09/2018 10:45;4.94
27/09/2018 11:00;4.71
27/09/2018 11:15;5.4
27/09/2018 11:30;5.55
27/09/2018 11:45;4.96
27/09/2018 12:00;6.02
27/09/2018 12:15;4.87
27/09/2018 12:30;6.43
27/09/2018 12:45;8.29
27/09/2018 13:00;5.96
27/09/2018 13:15;6.41
27/09/2018 13:30;6.32
27/09/2018 13:45;6.27
27/09/2018 14:00;6.18
27/09/2018 14:15;6.19
27/09/2018 14:30;6.01
27/09/2018 14:45;5.75
27/09/2018 15:00;5.61
27/09/2018 15:15;5.47
27/09/2018 15:30;5.22
27/09/2018 15:45;4.92
27/09/2018 16:00;4.67
27/09/2018 16:15;4.37
27/09/2018 16:30;3.95
27/09/2018 16:45;3.52
27/09/2018 17:00;3.2
27/09/2018 17:15;2.67
27/09/2018 17:30;2.2
27/09/2018 17:45;1.71
27/09/2018 18:00;1.28
27/09/2018 18:15;0.92
27/09/2018 18:30;0.58
27/09/2018 18:45;0.25
27/09/2018 19:00;0.14
27/09/2018 19:15;0.02
27/09/2018 19:30;0
27/09/2018 19:45;0
27/09/2018 20:00;0
27/09/2018 20:15;0
27/09/2018 20:30;0
27/09/2018 20:45;0
27/09/2018 21:00;0
27/09/2018 21:15;0
27/09/2018 21:30;0
27/09/2018 21:45;0
27/09/2018 22:00;0
27/09/2018 22:15;0
27/09/2018 22:30;0
27/09/2018 22:45;0
27/09/2018 23:00;0
27/09/2018 23:15;0
27/09/2018 23:30;0
27/09/2018 23:45;0
28/09/2018 00:00;0
28/09/2018 00:15;0
28/09/2018 00:30;0
28/09/2018 00:45;0
28/09/2018 01:00;0
28/09/2018 01:15;0
28/09/2018 01:30;0
28/09/2018 01:45;0
28/09/2018 02:00;0
28/09/2018 02:15;0
28/09/2018 02:30;0
28/09/2018 02:45;0
28/09/2018 03:00;0
28/09/2018 03:15;0
28/09/2018 03:30;0
28/09/2018 03:45;0
28/09/2018 04:00;0
28/09/2018 04:15;0
28/09/2018 04:30;0
28/09/2018 04:45;0
28/09/2018 05:00;0
28/09/2018 05:15;0
28/09/2018 05:30;0
28/09/2018 05:45;0
28/09/2018 06:00;0
28/09/2018 06:15;0
28/09/2018 06:30;0
28/09/2018 06:45;0
28/09/2018 07:00;0
28/09/2018 07:15;0
28/09/2018 07:30;0
28/09/2018 07:45;0.06
28/09/2018 08:00;0.02
28/09/2018 08:15;0.17
28/09/2018 08:30;0.03
28/09/2018 08:45;0.41
28/09/2018 09:00;0.46
28/09/2018 09:15;0.65
28/09/2018 09:30;0.6
28/09/2018 09:45;0.69
28/09/2018 10:00;0.79
28/09/2018 10:15;0.98
28/09/2018 10:30;1.13
28/09/2018 10:45;1.36
28/09/2018 11:00;1.45
28/09/2018 11:15;1.6
28/09/2018 11:30;1.57
28/09/2018 11:45;1.86
28/09/2018 12:00;1.98
28/09/2018 12:15;1.96
28/09/2018 12:30;2.06
28/09/2018 12:45;2.16
28/09/2018 13:00;2.53
28/09/2018 13:15;1.89
28/09/2018 13:30;1.3
28/09/2018 13:45;1.79
28/09/2018 14:00;2.03
28/09/2018 14:15;1.8
28/09/2018 14:30;1.91
28/09/2018 14:45;1.98
28/09/2018 15:00;2.14
28/09/2018 15:15;2.29
28/09/2018 15:30;2.2
28/09/2018 15:45;2.72
28/09/2018 16:00;2.65
28/09/2018 16:15;1.19
28/09/2018 16:30;2.06
28/09/2018 16:45;1.57
28/09/2018 17:00;1.9
28/09/2018 17:15;1.54
28/09/2018 17:30;0.79
28/09/2018 17:45;0.8
28/09/2018 18:00;1.04
28/09/2018 18:15;0.64
28/09/2018 18:30;0.44
28/09/2018 18:45;0.23
28/09/2018 19:00;0.09
28/09/2018 19:15;0.02
28/09/2018 19:30;0
28/09/2018 19:45;0
28/09/2018 20:00;0
28/09/2018 20:15;0
28/09/2018 20:30;0
28/09/2018 20:45;0
28/09/2018 21:00;0
28/09/2018 21:15;0
28/09/2018 21:30;0
28/09/2018 21:45;0
28/09/2018 22:00;0
28/09/2018 22:15;0
28/09/2018 22:30;0
28/09/2018 22:45;0
28/09/2018 23:00;0
28/09/2018 23:15;0
28/09/2018 23:30;0
28/09/2018 23:45;0
29/09/2018 00:00;0
29/09/2018 00:15;0
29/09/2018 00:30;0
29/09/2018 00:45;0
29/09/2018 01:00;0
29/09/2018 01:15;0
29/09/2018 01:30;0
29/09/2018 01:45;0
29/09/2018 02:00;0
29/09/2018 02:15;0
29/09/2018 02:30;0
29/09/2018 02:45;0
29/09/2018 03:00;0
29/09/2018 03:15;0
29/09/2018 03:30;0
29/09/2018 03:45;0
29/09/2018 04:00;0
29/09/2018 04:15;0
29/09/2018 04:30;0
29/09/2018 04:45;0
29/09/2018 05:00;0
29/09/2018 05:15;0
29/09/2018 05:30;0
29/09/2018 05:45;0
29/09/2018 06:00;0
29/09/2018 06:15;0
29/09/2018 06:30;0
29/09/2018 06:45;0
29/09/2018 07:00;0
29/09/2018 07:15;0
29/09/2018 07:30;0
29/09/2018 07:45;0.09
29/09/2018 08:00;0.24
29/09/2018 08:15;0.5
29/09/2018 08:30;0.98
29/09/2018 08:45;1.22
29/09/2018 09:00;1.67
29/09/2018 09:15;2.98
29/09/2018 09:30;2.66
29/09/2018 09:45;2.94
29/09/2018 10:00;3.63
29/09/2018 10:15;3.02
29/09/2018 10:30;3.93
29/09/2018 10:45;4.74
29/09/2018 11:00;6.05
29/09/2018 11:15;5.28
29/09/2018 11:30;7.48
29/09/2018 11:45;6.63
29/09/2018 12:00;6.72
29/09/2018 12:15;6
29/09/2018 12:30;2.78
29/09/2018 12:45;6.18
29/09/2018 13:00;6.12
29/09/2018 13:15;6.18
29/09/2018 13:30;6.25
29/09/2018 13:45;6.06
29/09/2018 14:00;6.09
29/09/2018 14:15;5.94
29/09/2018 14:30;5.86
29/09/2018 14:45;5.64
29/09/2018 15:00;5.53
29/09/2018 15:15;5.31
29/09/2018 15:30;5.02
29/09/2018 15:45;4.7
29/09/2018 16:00;4.43
29/09/2018 16:15;4.12
29/09/2018 16:30;3.72
29/09/2018 16:45;3.33
29/09/2018 17:00;3
29/09/2018 17:15;2.5
29/09/2018 17:30;2.32
29/09/2018 17:45;1.55
29/09/2018 18:00;1.41
29/09/2018 18:15;0.79
29/09/2018 18:30;0.38
29/09/2018 18:45;0.16
29/09/2018 19:00;0.15
29/09/2018 19:15;0
29/09/2018 19:30;0
29/09/2018 19:45;0
29/09/2018 20:00;0
29/09/2018 20:15;0
29/09/2018 20:30;0
29/09/2018 20:45;0
29/09/2018 21:00;0
29/09/2018 21:15;0
29/09/2018 21:30;0
29/09/2018 21:45;0
29/09/2018 22:00;0
29/09/2018 22:15;0
29/09/2018 22:30;0
29/09/2018 22:45;0
29/09/2018 23:00;0
29/09/2018 23:15;0
29/09/2018 23:30;0
29/09/2018 23:45;0
30/09/2018 00:00;0
30/09/2018 00:15;0
30/09/2018 00:30;0
30/09/2018 00:45;0
30/09/2018 01:00;0
30/09/2018 01:15;0
30/09/2018 01:30;0
30/09/2018 01:45;0
30/09/2018 02:00;0
30/09/2018 02:15;0
30/09/2018 02:30;0
30/09/2018 02:45;0
30/09/2018 03:00;0
30/09/2018 03:15;0
30/09/2018 03:30;0
30/09/2018 03:45;0
30/09/2018 04:00;0
30/09/2018 04:15;0
30/09/2018 04:30;0
30/09/2018 04:45;0
30/09/2018 05:00;0
30/09/2018 05:15;0
30/09/2018 05:30;0
30/09/2018 05:45;0
30/09/2018 06:00;0
30/09/2018 06:15;0
30/09/2018 06:30;0
30/09/2018 06:45;0
30/09/2018 07:00;0
30/09/2018 07:15;0
30/09/2018 07:30;0
30/09/2018 07:45;0.06
30/09/2018 08:00;0.22
30/09/2018 08:15;0.52
30/09/2018 08:30;0.8
30/09/2018 08:45;1.16
30/09/2018 09:00;1.53
30/09/2018 09:15;2.06
30/09/2018 09:30;2.64
30/09/2018 09:45;3.06
30/09/2018 10:00;3.45
30/09/2018 10:15;3.79
30/09/2018 10:30;4.12
30/09/2018 10:45;4.51
30/09/2018 11:00;4.8
30/09/2018 11:15;5.13
30/09/2018 11:30;5.31
30/09/2018 11:45;5.52
30/09/2018 12:00;5.86
30/09/2018 12:15;6.26
30/09/2018 12:30;6.13
30/09/2018 12:45;5.85
30/09/2018 13:00;5.94
30/09/2018 13:15;6.17
30/09/2018 13:30;5.84
30/09/2018 13:45;5.78
30/09/2018 14:00;5.83
30/09/2018 14:15;5.55
30/09/2018 14:30;4.87
30/09/2018 14:45;5.5
30/09/2018 15:00;5.42
30/09/2018 15:15;5.15
30/09/2018 15:30;6.12
30/09/2018 15:45;6.19
30/09/2018 16:00;3.06
30/09/2018 16:15;5.03
30/09/2018 16:30;1.88
30/09/2018 16:45;0.84
30/09/2018 17:00;2.75
30/09/2018 17:15;1.61
30/09/2018 17:30;1.28
30/09/2018 17:45;0.93
30/09/2018 18:00;0.71
30/09/2018 18:15;0.52
30/09/2018 18:30;0.31
30/09/2018 18:45;0.15
30/09/2018 19:00;0.05
30/09/2018 19:15;0.01
30/09/2018 19:30;0
30/09/2018 19:45;0
30/09/2018 20:00;0
30/09/2018 20:15;0
30/09/2018 20:30;0
30/09/2018 20:45;0
30/09/2018 21:00;0
30/09/2018 21:15;0
30/09/2018 21:30;0
30/09/2018 21:45;0
30/09/2018 22:00;0
30/09/2018 22:15;0
30/09/2018 22:30;0
30/09/2018 22:45;0
30/09/2018 23:00;0
30/09/2018 23:15;0
30/09/2018 23:30;0
30/09/2018 23:45;0