hour;Measured & upscaled [MW]
02/03/2018 00:00;1006.37
02/03/2018 00:15;957.23
02/03/2018 00:30;958.46
02/03/2018 00:45;938.59
02/03/2018 01:00;963.89
02/03/2018 01:15;898.09
02/03/2018 01:30;879.46
02/03/2018 01:45;856.31
02/03/2018 02:00;814.9
02/03/2018 02:15;814.23
02/03/2018 02:30;845.14
02/03/2018 02:45;852.02
02/03/2018 03:00;846.43
02/03/2018 03:15;689.57
02/03/2018 03:30;690.59
02/03/2018 03:45;768.4
02/03/2018 04:00;835.23
02/03/2018 04:15;785.08
02/03/2018 04:30;791.94
02/03/2018 04:45;835.72
02/03/2018 05:00;802.88
02/03/2018 05:15;804.48
02/03/2018 05:30;815.62
02/03/2018 05:45;772.08
02/03/2018 06:00;727.22
02/03/2018 06:15;720.36
02/03/2018 06:30;728.16
02/03/2018 06:45;743.34
02/03/2018 07:00;749.92
02/03/2018 07:15;759.85
02/03/2018 07:30;770.82
02/03/2018 07:45;728.91
02/03/2018 08:00;724.76
02/03/2018 08:15;781.43
02/03/2018 08:30;825.06
02/03/2018 08:45;832.34
02/03/2018 09:00;840
02/03/2018 09:15;812.39
02/03/2018 09:30;751.57
02/03/2018 09:45;724.7
02/03/2018 10:00;657.97
02/03/2018 10:15;615.77
02/03/2018 10:30;594.89
02/03/2018 10:45;566.15
02/03/2018 11:00;512.29
02/03/2018 11:15;477.73
02/03/2018 11:30;420.68
02/03/2018 11:45;396.11
02/03/2018 12:00;372.62
02/03/2018 12:15;354.58
02/03/2018 12:30;335.56
02/03/2018 12:45;334.5
02/03/2018 13:00;330.14
02/03/2018 13:15;318.64
02/03/2018 13:30;301.04
02/03/2018 13:45;272.58
02/03/2018 14:00;254.26
02/03/2018 14:15;237
02/03/2018 14:30;229.47
02/03/2018 14:45;222.15
02/03/2018 15:00;212.73
02/03/2018 15:15;206.04
02/03/2018 15:30;194.66
02/03/2018 15:45;194.69
02/03/2018 16:00;168.79
02/03/2018 16:15;162.77
02/03/2018 16:30;168.82
02/03/2018 16:45;173.01
02/03/2018 17:00;178.91
02/03/2018 17:15;183.54
02/03/2018 17:30;181.49
02/03/2018 17:45;180.62
02/03/2018 18:00;184.09
02/03/2018 18:15;190.37
02/03/2018 18:30;211.15
02/03/2018 18:45;209.57
02/03/2018 19:00;208.76
02/03/2018 19:15;203.96
02/03/2018 19:30;192.32
02/03/2018 19:45;176.94
02/03/2018 20:00;162.37
02/03/2018 20:15;144.2
02/03/2018 20:30;128.28
02/03/2018 20:45;115.48
02/03/2018 21:00;87.39
02/03/2018 21:15;77.95
02/03/2018 21:30;74.83
02/03/2018 21:45;72.33
02/03/2018 22:00;67.08
02/03/2018 22:15;63.1
02/03/2018 22:30;59.76
02/03/2018 22:45;53.96
02/03/2018 23:00;55.31
02/03/2018 23:15;60.03
02/03/2018 23:30;59.86
02/03/2018 23:45;59.21
03/03/2018 00:00;66.89
03/03/2018 00:15;68.75
03/03/2018 00:30;63.96
03/03/2018 00:45;57.56
03/03/2018 01:00;52.09
03/03/2018 01:15;39.82
03/03/2018 01:30;33.54
03/03/2018 01:45;32.88
03/03/2018 02:00;35.93
03/03/2018 02:15;36.04
03/03/2018 02:30;36.85
03/03/2018 02:45;35.52
03/03/2018 03:00;30.96
03/03/2018 03:15;30.59
03/03/2018 03:30;29.68
03/03/2018 03:45;29.92
03/03/2018 04:00;29.84
03/03/2018 04:15;29.51
03/03/2018 04:30;29.64
03/03/2018 04:45;27.69
03/03/2018 05:00;30.54
03/03/2018 05:15;30.93
03/03/2018 05:30;31.6
03/03/2018 05:45;32.78
03/03/2018 06:00;32.72
03/03/2018 06:15;34.89
03/03/2018 06:30;35.58
03/03/2018 06:45;37.38
03/03/2018 07:00;38.85
03/03/2018 07:15;40.42
03/03/2018 07:30;43.47
03/03/2018 07:45;42.43
03/03/2018 08:00;42.49
03/03/2018 08:15;48.23
03/03/2018 08:30;48.2
03/03/2018 08:45;41.96
03/03/2018 09:00;45.55
03/03/2018 09:15;43.75
03/03/2018 09:30;36.93
03/03/2018 09:45;32.34
03/03/2018 10:00;31.8
03/03/2018 10:15;28.98
03/03/2018 10:30;30.46
03/03/2018 10:45;33.81
03/03/2018 11:00;22.49
03/03/2018 11:15;18.45
03/03/2018 11:30;16.09
03/03/2018 11:45;15.55
03/03/2018 12:00;17.2
03/03/2018 12:15;19.95
03/03/2018 12:30;18.8
03/03/2018 12:45;16.28
03/03/2018 13:00;19.33
03/03/2018 13:15;22.85
03/03/2018 13:30;27.03
03/03/2018 13:45;36.99
03/03/2018 14:00;49.03
03/03/2018 14:15;57.04
03/03/2018 14:30;68.84
03/03/2018 14:45;83.29
03/03/2018 15:00;108.3
03/03/2018 15:15;122.44
03/03/2018 15:30;132.17
03/03/2018 15:45;122.04
03/03/2018 16:00;128.26
03/03/2018 16:15;162.57
03/03/2018 16:30;186.01
03/03/2018 16:45;178.6
03/03/2018 17:00;212.24
03/03/2018 17:15;221.15
03/03/2018 17:30;233.75
03/03/2018 17:45;248.97
03/03/2018 18:00;260.62
03/03/2018 18:15;250.83
03/03/2018 18:30;243.42
03/03/2018 18:45;249.69
03/03/2018 19:00;258.08
03/03/2018 19:15;251.89
03/03/2018 19:30;271.54
03/03/2018 19:45;277.96
03/03/2018 20:00;273.41
03/03/2018 20:15;288.94
03/03/2018 20:30;239.13
03/03/2018 20:45;227.58
03/03/2018 21:00;218.5
03/03/2018 21:15;208.16
03/03/2018 21:30;197.57
03/03/2018 21:45;211.07
03/03/2018 22:00;218.26
03/03/2018 22:15;234.13
03/03/2018 22:30;251
03/03/2018 22:45;255.85
03/03/2018 23:00;264.1
03/03/2018 23:15;270.74
03/03/2018 23:30;275.94
03/03/2018 23:45;303.81
04/03/2018 00:00;306.61
04/03/2018 00:15;303.63
04/03/2018 00:30;303.39
04/03/2018 00:45;319.31
04/03/2018 01:00;319.4
04/03/2018 01:15;279.34
04/03/2018 01:30;293.03
04/03/2018 01:45;316.63
04/03/2018 02:00;332.9
04/03/2018 02:15;315.51
04/03/2018 02:30;338.05
04/03/2018 02:45;329.23
04/03/2018 03:00;338.05
04/03/2018 03:15;378.05
04/03/2018 03:30;404.03
04/03/2018 03:45;459.26
04/03/2018 04:00;476.33
04/03/2018 04:15;462.8
04/03/2018 04:30;465.3
04/03/2018 04:45;448.94
04/03/2018 05:00;472.77
04/03/2018 05:15;493.5
04/03/2018 05:30;541.37
04/03/2018 05:45;513.52
04/03/2018 06:00;500.64
04/03/2018 06:15;473.77
04/03/2018 06:30;453.04
04/03/2018 06:45;462.77
04/03/2018 07:00;437.09
04/03/2018 07:15;426.81
04/03/2018 07:30;435.82
04/03/2018 07:45;416.97
04/03/2018 08:00;445.75
04/03/2018 08:15;442.63
04/03/2018 08:30;436.7
04/03/2018 08:45;405.57
04/03/2018 09:00;365.83
04/03/2018 09:15;323.95
04/03/2018 09:30;287.26
04/03/2018 09:45;265.92
04/03/2018 10:00;224.06
04/03/2018 10:15;165.29
04/03/2018 10:30;145.94
04/03/2018 10:45;137.4
04/03/2018 11:00;120.23
04/03/2018 11:15;119.54
04/03/2018 11:30;133.94
04/03/2018 11:45;126.77
04/03/2018 12:00;114.68
04/03/2018 12:15;104.01
04/03/2018 12:30;105.23
04/03/2018 12:45;107.03
04/03/2018 13:00;100.12
04/03/2018 13:15;101.39
04/03/2018 13:30;87.11
04/03/2018 13:45;87.82
04/03/2018 14:00;92.09
04/03/2018 14:15;113.25
04/03/2018 14:30;124.55
04/03/2018 14:45;143.45
04/03/2018 15:00;177.96
04/03/2018 15:15;176.05
04/03/2018 15:30;174.32
04/03/2018 15:45;183.36
04/03/2018 16:00;188.68
04/03/2018 16:15;200.27
04/03/2018 16:30;169.15
04/03/2018 16:45;181.47
04/03/2018 17:00;168.89
04/03/2018 17:15;219.38
04/03/2018 17:30;262.03
04/03/2018 17:45;363.49
04/03/2018 18:00;411.89
04/03/2018 18:15;449.23
04/03/2018 18:30;453.77
04/03/2018 18:45;513.75
04/03/2018 19:00;536.31
04/03/2018 19:15;586.86
04/03/2018 19:30;635.9
04/03/2018 19:45;691.39
04/03/2018 20:00;677.73
04/03/2018 20:15;648.69
04/03/2018 20:30;717.36
04/03/2018 20:45;709.87
04/03/2018 21:00;796.84
04/03/2018 21:15;800.31
04/03/2018 21:30;755.65
04/03/2018 21:45;740.67
04/03/2018 22:00;735.58
04/03/2018 22:15;701.61
04/03/2018 22:30;657.74
04/03/2018 22:45;624.43
04/03/2018 23:00;635.03
04/03/2018 23:15;661.15
04/03/2018 23:30;668.76
04/03/2018 23:45;635.78
05/03/2018 00:00;640.95
05/03/2018 00:15;632.43
05/03/2018 00:30;629.7
05/03/2018 00:45;659.23
05/03/2018 01:00;683.18
05/03/2018 01:15;661.69
05/03/2018 01:30;640.77
05/03/2018 01:45;619.12
05/03/2018 02:00;616.57
05/03/2018 02:15;588.59
05/03/2018 02:30;577.14
05/03/2018 02:45;565.01
05/03/2018 03:00;544.16
05/03/2018 03:15;496.25
05/03/2018 03:30;481.51
05/03/2018 03:45;518.37
05/03/2018 04:00;535.39
05/03/2018 04:15;516.7
05/03/2018 04:30;555.86
05/03/2018 04:45;564.52
05/03/2018 05:00;511.75
05/03/2018 05:15;473.55
05/03/2018 05:30;450.37
05/03/2018 05:45;433.3
05/03/2018 06:00;418.02
05/03/2018 06:15;437.73
05/03/2018 06:30;453.53
05/03/2018 06:45;439.79
05/03/2018 07:00;413.69
05/03/2018 07:15;374.06
05/03/2018 07:30;349.61
05/03/2018 07:45;377.68
05/03/2018 08:00;352.45
05/03/2018 08:15;333.68
05/03/2018 08:30;319.23
05/03/2018 08:45;342.77
05/03/2018 09:00;350.68
05/03/2018 09:15;310.14
05/03/2018 09:30;248.81
05/03/2018 09:45;215.59
05/03/2018 10:00;183.09
05/03/2018 10:15;142.82
05/03/2018 10:30;139.2
05/03/2018 10:45;127.8
05/03/2018 11:00;113.1
05/03/2018 11:15;109.5
05/03/2018 11:30;113.23
05/03/2018 11:45;119.84
05/03/2018 12:00;119.62
05/03/2018 12:15;121.85
05/03/2018 12:30;118
05/03/2018 12:45;131.61
05/03/2018 13:00;146.12
05/03/2018 13:15;185.34
05/03/2018 13:30;181.74
05/03/2018 13:45;165.81
05/03/2018 14:00;159.91
05/03/2018 14:15;148.42
05/03/2018 14:30;138.61
05/03/2018 14:45;130.81
05/03/2018 15:00;118.5
05/03/2018 15:15;115.1
05/03/2018 15:30;101.63
05/03/2018 15:45;71.64
05/03/2018 16:00;67.33
05/03/2018 16:15;70.84
05/03/2018 16:30;82.49
05/03/2018 16:45;91.05
05/03/2018 17:00;101.67
05/03/2018 17:15;98.98
05/03/2018 17:30;103.32
05/03/2018 17:45;101.18
05/03/2018 18:00;109.48
05/03/2018 18:15;112.9
05/03/2018 18:30;121.05
05/03/2018 18:45;133.37
05/03/2018 19:00;155.76
05/03/2018 19:15;180.8
05/03/2018 19:30;209.29
05/03/2018 19:45;237.05
05/03/2018 20:00;256.62
05/03/2018 20:15;272.37
05/03/2018 20:30;283.74
05/03/2018 20:45;296.79
05/03/2018 21:00;317.77
05/03/2018 21:15;333.16
05/03/2018 21:30;335.59
05/03/2018 21:45;332.59
05/03/2018 22:00;343.96
05/03/2018 22:15;346.84
05/03/2018 22:30;353.74
05/03/2018 22:45;347.78
05/03/2018 23:00;347.72
05/03/2018 23:15;352.39
05/03/2018 23:30;390.78
05/03/2018 23:45;407.2
06/03/2018 00:00;402.01
06/03/2018 00:15;407.74
06/03/2018 00:30;405.93
06/03/2018 00:45;403.19
06/03/2018 01:00;410.27
06/03/2018 01:15;409
06/03/2018 01:30;416.16
06/03/2018 01:45;411.24
06/03/2018 02:00;416.54
06/03/2018 02:15;428.5
06/03/2018 02:30;412.76
06/03/2018 02:45;391.74
06/03/2018 03:00;343.08
06/03/2018 03:15;291.45
06/03/2018 03:30;267.42
06/03/2018 03:45;297.07
06/03/2018 04:00;327.23
06/03/2018 04:15;319.86
06/03/2018 04:30;346.18
06/03/2018 04:45;331.25
06/03/2018 05:00;319.14
06/03/2018 05:15;311.37
06/03/2018 05:30;292.76
06/03/2018 05:45;261.87
06/03/2018 06:00;257.92
06/03/2018 06:15;249.47
06/03/2018 06:30;247.12
06/03/2018 06:45;245.96
06/03/2018 07:00;221.88
06/03/2018 07:15;218.16
06/03/2018 07:30;210.89
06/03/2018 07:45;224.96
06/03/2018 08:00;225.11
06/03/2018 08:15;210.57
06/03/2018 08:30;198.28
06/03/2018 08:45;188.85
06/03/2018 09:00;165.32
06/03/2018 09:15;123.92
06/03/2018 09:30;93.83
06/03/2018 09:45;77.45
06/03/2018 10:00;58.34
06/03/2018 10:15;49.17
06/03/2018 10:30;42.13
06/03/2018 10:45;33.97
06/03/2018 11:00;16.58
06/03/2018 11:15;12.71
06/03/2018 11:30;13.82
06/03/2018 11:45;12.48
06/03/2018 12:00;12.27
06/03/2018 12:15;21.09
06/03/2018 12:30;53.48
06/03/2018 12:45;21.92
06/03/2018 13:00;48.55
06/03/2018 13:15;102.68
06/03/2018 13:30;98.33
06/03/2018 13:45;35.95
06/03/2018 14:00;28.15
06/03/2018 14:15;94.45
06/03/2018 14:30;108.83
06/03/2018 14:45;125.91
06/03/2018 15:00;142.53
06/03/2018 15:15;138.97
06/03/2018 15:30;139.69
06/03/2018 15:45;136.63
06/03/2018 16:00;188.56
06/03/2018 16:15;188.97
06/03/2018 16:30;199.32
06/03/2018 16:45;192.09
06/03/2018 17:00;167.01
06/03/2018 17:15;166.33
06/03/2018 17:30;163.01
06/03/2018 17:45;150.38
06/03/2018 18:00;159.31
06/03/2018 18:15;151.59
06/03/2018 18:30;155.68
06/03/2018 18:45;158.15
06/03/2018 19:00;167.74
06/03/2018 19:15;175.95
06/03/2018 19:30;187.14
06/03/2018 19:45;184.77
06/03/2018 20:00;211.78
06/03/2018 20:15;235.87
06/03/2018 20:30;242.28
06/03/2018 20:45;252
06/03/2018 21:00;324.65
06/03/2018 21:15;326.44
06/03/2018 21:30;329.43
06/03/2018 21:45;331.71
06/03/2018 22:00;330.5
06/03/2018 22:15;331.91
06/03/2018 22:30;330.79
06/03/2018 22:45;332.99
06/03/2018 23:00;340.01
06/03/2018 23:15;346.43
06/03/2018 23:30;364.65
06/03/2018 23:45;360.75
07/03/2018 00:00;362.64
07/03/2018 00:15;363.9
07/03/2018 00:30;356.38
07/03/2018 00:45;364.08
07/03/2018 01:00;354.85
07/03/2018 01:15;386.27
07/03/2018 01:30;409.4
07/03/2018 01:45;390.24
07/03/2018 02:00;382.84
07/03/2018 02:15;381.13
07/03/2018 02:30;370.36
07/03/2018 02:45;348.13
07/03/2018 03:00;333.55
07/03/2018 03:15;303.32
07/03/2018 03:30;302.21
07/03/2018 03:45;298.03
07/03/2018 04:00;301.25
07/03/2018 04:15;326.33
07/03/2018 04:30;318.34
07/03/2018 04:45;327.14
07/03/2018 05:00;352.23
07/03/2018 05:15;358.19
07/03/2018 05:30;332.09
07/03/2018 05:45;303.03
07/03/2018 06:00;354.81
07/03/2018 06:15;349.69
07/03/2018 06:30;347.48
07/03/2018 06:45;359.8
07/03/2018 07:00;363.09
07/03/2018 07:15;327.77
07/03/2018 07:30;310.15
07/03/2018 07:45;293.71
07/03/2018 08:00;286.76
07/03/2018 08:15;270.99
07/03/2018 08:30;260.06
07/03/2018 08:45;269.94
07/03/2018 09:00;249.68
07/03/2018 09:15;240.93
07/03/2018 09:30;227.9
07/03/2018 09:45;233.83
07/03/2018 10:00;249.12
07/03/2018 10:15;224.31
07/03/2018 10:30;223
07/03/2018 10:45;239.43
07/03/2018 11:00;318.63
07/03/2018 11:15;315.78
07/03/2018 11:30;317.95
07/03/2018 11:45;321.38
07/03/2018 12:00;325.77
07/03/2018 12:15;318.45
07/03/2018 12:30;324.99
07/03/2018 12:45;314.94
07/03/2018 13:00;301.18
07/03/2018 13:15;278.5
07/03/2018 13:30;274.45
07/03/2018 13:45;289.47
07/03/2018 14:00;293.98
07/03/2018 14:15;296.1
07/03/2018 14:30;305.74
07/03/2018 14:45;306.89
07/03/2018 15:00;297.27
07/03/2018 15:15;339.06
07/03/2018 15:30;321.07
07/03/2018 15:45;337.15
07/03/2018 16:00;410.8
07/03/2018 16:15;422.8
07/03/2018 16:30;425.97
07/03/2018 16:45;413.23
07/03/2018 17:00;472.6
07/03/2018 17:15;507.92
07/03/2018 17:30;511.7
07/03/2018 17:45;566.07
07/03/2018 18:00;602.93
07/03/2018 18:15;587.66
07/03/2018 18:30;600.74
07/03/2018 18:45;607.46
07/03/2018 19:00;649.87
07/03/2018 19:15;649.55
07/03/2018 19:30;650.31
07/03/2018 19:45;639.03
07/03/2018 20:00;620.46
07/03/2018 20:15;646.75
07/03/2018 20:30;684.16
07/03/2018 20:45;680.69
07/03/2018 21:00;716.74
07/03/2018 21:15;735.29
07/03/2018 21:30;740.51
07/03/2018 21:45;755.18
07/03/2018 22:00;778.44
07/03/2018 22:15;752.23
07/03/2018 22:30;737.07
07/03/2018 22:45;752.93
07/03/2018 23:00;757.66
07/03/2018 23:15;740.19
07/03/2018 23:30;723.2
07/03/2018 23:45;696.49
08/03/2018 00:00;674.02
08/03/2018 00:15;725.26
08/03/2018 00:30;763.24
08/03/2018 00:45;775.89
08/03/2018 01:00;744.94
08/03/2018 01:15;728.66
08/03/2018 01:30;737.13
08/03/2018 01:45;739.74
08/03/2018 02:00;697.51
08/03/2018 02:15;657.51
08/03/2018 02:30;649.43
08/03/2018 02:45;608.16
08/03/2018 03:00;618.08
08/03/2018 03:15;583.32
08/03/2018 03:30;589.63
08/03/2018 03:45;642.98
08/03/2018 04:00;642.84
08/03/2018 04:15;676.32
08/03/2018 04:30;696.5
08/03/2018 04:45;691.28
08/03/2018 05:00;723.16
08/03/2018 05:15;722.18
08/03/2018 05:30;673.71
08/03/2018 05:45;662.88
08/03/2018 06:00;762.34
08/03/2018 06:15;775.78
08/03/2018 06:30;830.14
08/03/2018 06:45;829.26
08/03/2018 07:00;875.05
08/03/2018 07:15;901.33
08/03/2018 07:30;940.36
08/03/2018 07:45;935.65
08/03/2018 08:00;948.41
08/03/2018 08:15;959.63
08/03/2018 08:30;975.97
08/03/2018 08:45;1006.46
08/03/2018 09:00;1020.53
08/03/2018 09:15;1042.31
08/03/2018 09:30;1058.52
08/03/2018 09:45;1060.8
08/03/2018 10:00;1037.4
08/03/2018 10:15;1038.02
08/03/2018 10:30;1067.05
08/03/2018 10:45;1045.84
08/03/2018 11:00;1122.1
08/03/2018 11:15;1168.64
08/03/2018 11:30;1068.79
08/03/2018 11:45;1060.53
08/03/2018 12:00;1004.23
08/03/2018 12:15;999.89
08/03/2018 12:30;1012.81
08/03/2018 12:45;1012.12
08/03/2018 13:00;1018.19
08/03/2018 13:15;1008
08/03/2018 13:30;1026.78
08/03/2018 13:45;1024.87
08/03/2018 14:00;953.78
08/03/2018 14:15;937.67
08/03/2018 14:30;965.86
08/03/2018 14:45;989.58
08/03/2018 15:00;950.88
08/03/2018 15:15;967.97
08/03/2018 15:30;976.01
08/03/2018 15:45;971.88
08/03/2018 16:00;964.36
08/03/2018 16:15;965.81
08/03/2018 16:30;989.44
08/03/2018 16:45;980.84
08/03/2018 17:00;948.31
08/03/2018 17:15;902.44
08/03/2018 17:30;854.57
08/03/2018 17:45;842.2
08/03/2018 18:00;787.95
08/03/2018 18:15;748.36
08/03/2018 18:30;778.89
08/03/2018 18:45;793.65
08/03/2018 19:00;809.89
08/03/2018 19:15;753.29
08/03/2018 19:30;684.97
08/03/2018 19:45;670.71
08/03/2018 20:00;657.98
08/03/2018 20:15;613.3
08/03/2018 20:30;615.22
08/03/2018 20:45;622.92
08/03/2018 21:00;589.36
08/03/2018 21:15;544.53
08/03/2018 21:30;550.32
08/03/2018 21:45;549.36
08/03/2018 22:00;538.89
08/03/2018 22:15;533.88
08/03/2018 22:30;534.15
08/03/2018 22:45;546.16
08/03/2018 23:00;547.01
08/03/2018 23:15;527.68
08/03/2018 23:30;536.8
08/03/2018 23:45;526.98
09/03/2018 00:00;483.13
09/03/2018 00:15;439.44
09/03/2018 00:30;421.51
09/03/2018 00:45;417.8
09/03/2018 01:00;411.46
09/03/2018 01:15;375.42
09/03/2018 01:30;382.04
09/03/2018 01:45;394.46
09/03/2018 02:00;385.39
09/03/2018 02:15;388.1
09/03/2018 02:30;398.06
09/03/2018 02:45;383.02
09/03/2018 03:00;374.61
09/03/2018 03:15;323.53
09/03/2018 03:30;330.57
09/03/2018 03:45;396.58
09/03/2018 04:00;430.85
09/03/2018 04:15;447.81
09/03/2018 04:30;431.21
09/03/2018 04:45;428.5
09/03/2018 05:00;404.62
09/03/2018 05:15;398.41
09/03/2018 05:30;389.36
09/03/2018 05:45;362.42
09/03/2018 06:00;341.89
09/03/2018 06:15;342.55
09/03/2018 06:30;357.16
09/03/2018 06:45;311.66
09/03/2018 07:00;305.95
09/03/2018 07:15;306.12
09/03/2018 07:30;313.9
09/03/2018 07:45;283.02
09/03/2018 08:00;266.59
09/03/2018 08:15;228.24
09/03/2018 08:30;198.8
09/03/2018 08:45;168.57
09/03/2018 09:00;155.11
09/03/2018 09:15;150.98
09/03/2018 09:30;146.77
09/03/2018 09:45;141.3
09/03/2018 10:00;140.68
09/03/2018 10:15;147.14
09/03/2018 10:30;153.83
09/03/2018 10:45;137.71
09/03/2018 11:00;117.73
09/03/2018 11:15;96.83
09/03/2018 11:30;96.01
09/03/2018 11:45;93.59
09/03/2018 12:00;100.89
09/03/2018 12:15;105.37
09/03/2018 12:30;104.05
09/03/2018 12:45;92.05
09/03/2018 13:00;87.96
09/03/2018 13:15;85.67
09/03/2018 13:30;77.07
09/03/2018 13:45;71.84
09/03/2018 14:00;71.81
09/03/2018 14:15;69.88
09/03/2018 14:30;62.8
09/03/2018 14:45;58.78
09/03/2018 15:00;55.49
09/03/2018 15:15;57.47
09/03/2018 15:30;58.73
09/03/2018 15:45;69.37
09/03/2018 16:00;70.11
09/03/2018 16:15;79.64
09/03/2018 16:30;88.99
09/03/2018 16:45;94.44
09/03/2018 17:00;104.1
09/03/2018 17:15;109.6
09/03/2018 17:30;109.63
09/03/2018 17:45;118.16
09/03/2018 18:00;130.18
09/03/2018 18:15;155.96
09/03/2018 18:30;198.84
09/03/2018 18:45;240.01
09/03/2018 19:00;308.75
09/03/2018 19:15;316.3
09/03/2018 19:30;308.31
09/03/2018 19:45;292.91
09/03/2018 20:00;319.65
09/03/2018 20:15;322
09/03/2018 20:30;350.38
09/03/2018 20:45;389.23
09/03/2018 21:00;432.97
09/03/2018 21:15;472.51
09/03/2018 21:30;440.62
09/03/2018 21:45;405.99
09/03/2018 22:00;365.32
09/03/2018 22:15;323.7
09/03/2018 22:30;297.56
09/03/2018 22:45;304.27
09/03/2018 23:00;328.08
09/03/2018 23:15;357.54
09/03/2018 23:30;350.77
09/03/2018 23:45;362.93
10/03/2018 00:00;391.63
10/03/2018 00:15;438.86
10/03/2018 00:30;438.84
10/03/2018 00:45;477.24
10/03/2018 01:00;499.75
10/03/2018 01:15;480.29
10/03/2018 01:30;510.24
10/03/2018 01:45;530.07
10/03/2018 02:00;536.78
10/03/2018 02:15;527.91
10/03/2018 02:30;550.16
10/03/2018 02:45;566.14
10/03/2018 03:00;574.67
10/03/2018 03:15;509.96
10/03/2018 03:30;538.08
10/03/2018 03:45;611.05
10/03/2018 04:00;592.19
10/03/2018 04:15;597.02
10/03/2018 04:30;584.5
10/03/2018 04:45;558.85
10/03/2018 05:00;521.86
10/03/2018 05:15;511.22
10/03/2018 05:30;552.56
10/03/2018 05:45;556.15
10/03/2018 06:00;528.53
10/03/2018 06:15;493.15
10/03/2018 06:30;510.67
10/03/2018 06:45;543.78
10/03/2018 07:00;532.06
10/03/2018 07:15;543.64
10/03/2018 07:30;572.51
10/03/2018 07:45;591.24
10/03/2018 08:00;592.27
10/03/2018 08:15;590.77
10/03/2018 08:30;594.78
10/03/2018 08:45;582.09
10/03/2018 09:00;584.6
10/03/2018 09:15;605.57
10/03/2018 09:30;607.3
10/03/2018 09:45;591.87
10/03/2018 10:00;560.96
10/03/2018 10:15;529.99
10/03/2018 10:30;518.56
10/03/2018 10:45;524.96
10/03/2018 11:00;533.45
10/03/2018 11:15;494.03
10/03/2018 11:30;428.69
10/03/2018 11:45;416.89
10/03/2018 12:00;435.52
10/03/2018 12:15;436.06
10/03/2018 12:30;436.85
10/03/2018 12:45;387.14
10/03/2018 13:00;403.03
10/03/2018 13:15;384.86
10/03/2018 13:30;314.47
10/03/2018 13:45;306.27
10/03/2018 14:00;334.75
10/03/2018 14:15;356.72
10/03/2018 14:30;335.5
10/03/2018 14:45;316.1
10/03/2018 15:00;289.26
10/03/2018 15:15;262.44
10/03/2018 15:30;254.92
10/03/2018 15:45;246.79
10/03/2018 16:00;241.04
10/03/2018 16:15;281.54
10/03/2018 16:30;280.18
10/03/2018 16:45;258.78
10/03/2018 17:00;250.01
10/03/2018 17:15;259.8
10/03/2018 17:30;280.28
10/03/2018 17:45;294.09
10/03/2018 18:00;290.47
10/03/2018 18:15;295.44
10/03/2018 18:30;276.72
10/03/2018 18:45;268.78
10/03/2018 19:00;284.1
10/03/2018 19:15;308.52
10/03/2018 19:30;321.89
10/03/2018 19:45;321.91
10/03/2018 20:00;348.18
10/03/2018 20:15;351.57
10/03/2018 20:30;339.8
10/03/2018 20:45;319.92
10/03/2018 21:00;273.71
10/03/2018 21:15;261.18
10/03/2018 21:30;236.63
10/03/2018 21:45;211.41
10/03/2018 22:00;221.72
10/03/2018 22:15;233.46
10/03/2018 22:30;242.71
10/03/2018 22:45;265.05
10/03/2018 23:00;297.85
10/03/2018 23:15;319.71
10/03/2018 23:30;348.9
10/03/2018 23:45;365.04
11/03/2018 00:00;364.3
11/03/2018 00:15;333.22
11/03/2018 00:30;328.41
11/03/2018 00:45;315.87
11/03/2018 01:00;296.16
11/03/2018 01:15;278.29
11/03/2018 01:30;297.36
11/03/2018 01:45;317.54
11/03/2018 02:00;295.72
11/03/2018 02:15;322.41
11/03/2018 02:30;325.27
11/03/2018 02:45;236.28
11/03/2018 03:00;182.77
11/03/2018 03:15;129.43
11/03/2018 03:30;139.44
11/03/2018 03:45;121.15
11/03/2018 04:00;120.86
11/03/2018 04:15;159.43
11/03/2018 04:30;175.22
11/03/2018 04:45;178.46
11/03/2018 05:00;246.21
11/03/2018 05:15;290.52
11/03/2018 05:30;329.78
11/03/2018 05:45;346.55
11/03/2018 06:00;308.43
11/03/2018 06:15;297.87
11/03/2018 06:30;341.35
11/03/2018 06:45;354.84
11/03/2018 07:00;373.76
11/03/2018 07:15;370.82
11/03/2018 07:30;402.81
11/03/2018 07:45;402.58
11/03/2018 08:00;396.87
11/03/2018 08:15;343.3
11/03/2018 08:30;289.87
11/03/2018 08:45;254.44
11/03/2018 09:00;246.84
11/03/2018 09:15;285.09
11/03/2018 09:30;309.67
11/03/2018 09:45;281.73
11/03/2018 10:00;278.28
11/03/2018 10:15;277.12
11/03/2018 10:30;252.61
11/03/2018 10:45;270.82
11/03/2018 11:00;279.33
11/03/2018 11:15;276.99
11/03/2018 11:30;247.62
11/03/2018 11:45;270.46
11/03/2018 12:00;312.97
11/03/2018 12:15;332.36
11/03/2018 12:30;291.52
11/03/2018 12:45;233.83
11/03/2018 13:00;226.72
11/03/2018 13:15;259.04
11/03/2018 13:30;270.49
11/03/2018 13:45;242.61
11/03/2018 14:00;275.47
11/03/2018 14:15;272.91
11/03/2018 14:30;262.7
11/03/2018 14:45;274.93
11/03/2018 15:00;291.45
11/03/2018 15:15;261.76
11/03/2018 15:30;241.35
11/03/2018 15:45;226.63
11/03/2018 16:00;189.77
11/03/2018 16:15;179.58
11/03/2018 16:30;143.72
11/03/2018 16:45;176.97
11/03/2018 17:00;152.7
11/03/2018 17:15;146.57
11/03/2018 17:30;141.02
11/03/2018 17:45;154
11/03/2018 18:00;165.12
11/03/2018 18:15;204.13
11/03/2018 18:30;240.84
11/03/2018 18:45;295.54
11/03/2018 19:00;355.04
11/03/2018 19:15;405.4
11/03/2018 19:30;418.65
11/03/2018 19:45;403.75
11/03/2018 20:00;379.02
11/03/2018 20:15;398.82
11/03/2018 20:30;429.53
11/03/2018 20:45;433.21
11/03/2018 21:00;448.09
11/03/2018 21:15;505.6
11/03/2018 21:30;502.18
11/03/2018 21:45;517.02
11/03/2018 22:00;553.64
11/03/2018 22:15;524.97
11/03/2018 22:30;518.71
11/03/2018 22:45;497.3
11/03/2018 23:00;497.07
11/03/2018 23:15;460.42
11/03/2018 23:30;437.08
11/03/2018 23:45;373.76
12/03/2018 00:00;351.33
12/03/2018 00:15;378.88
12/03/2018 00:30;398.85
12/03/2018 00:45;374.07
12/03/2018 01:00;377.42
12/03/2018 01:15;331.77
12/03/2018 01:30;319.52
12/03/2018 01:45;330.75
12/03/2018 02:00;344.05
12/03/2018 02:15;337.18
12/03/2018 02:30;322.84
12/03/2018 02:45;327.05
12/03/2018 03:00;337.91
12/03/2018 03:15;301.28
12/03/2018 03:30;297.57
12/03/2018 03:45;317.45
12/03/2018 04:00;338.81
12/03/2018 04:15;362.7
12/03/2018 04:30;330.27
12/03/2018 04:45;335
12/03/2018 05:00;390.55
12/03/2018 05:15;425.81
12/03/2018 05:30;435.45
12/03/2018 05:45;451.49
12/03/2018 06:00;459.42
12/03/2018 06:15;461.74
12/03/2018 06:30;445.74
12/03/2018 06:45;451.01
12/03/2018 07:00;470.47
12/03/2018 07:15;454.99
12/03/2018 07:30;467.52
12/03/2018 07:45;444.56
12/03/2018 08:00;422.66
12/03/2018 08:15;427.8
12/03/2018 08:30;429.59
12/03/2018 08:45;449.86
12/03/2018 09:00;429.91
12/03/2018 09:15;425.72
12/03/2018 09:30;401.04
12/03/2018 09:45;413.59
12/03/2018 10:00;453.61
12/03/2018 10:15;466.36
12/03/2018 10:30;523.01
12/03/2018 10:45;525.24
12/03/2018 11:00;524.08
12/03/2018 11:15;543.05
12/03/2018 11:30;558.93
12/03/2018 11:45;559.19
12/03/2018 12:00;544.21
12/03/2018 12:15;571.54
12/03/2018 12:30;564.45
12/03/2018 12:45;621.25
12/03/2018 13:00;573.49
12/03/2018 13:15;617.86
12/03/2018 13:30;601.31
12/03/2018 13:45;671.5
12/03/2018 14:00;696.77
12/03/2018 14:15;671.88
12/03/2018 14:30;659.16
12/03/2018 14:45;604.04
12/03/2018 15:00;589.97
12/03/2018 15:15;556.61
12/03/2018 15:30;553.54
12/03/2018 15:45;528.39
12/03/2018 16:00;581.16
12/03/2018 16:15;632.57
12/03/2018 16:30;715.92
12/03/2018 16:45;683.5
12/03/2018 17:00;631.03
12/03/2018 17:15;604.74
12/03/2018 17:30;608.93
12/03/2018 17:45;592.4
12/03/2018 18:00;616.77
12/03/2018 18:15;675.46
12/03/2018 18:30;559.75
12/03/2018 18:45;590.17
12/03/2018 19:00;670.38
12/03/2018 19:15;693.36
12/03/2018 19:30;676.55
12/03/2018 19:45;663.36
12/03/2018 20:00;612.41
12/03/2018 20:15;653.89
12/03/2018 20:30;674.39
12/03/2018 20:45;652.13
12/03/2018 21:00;625.64
12/03/2018 21:15;622.45
12/03/2018 21:30;624.81
12/03/2018 21:45;670.81
12/03/2018 22:00;693.58
12/03/2018 22:15;698.5
12/03/2018 22:30;734.95
12/03/2018 22:45;740.63
12/03/2018 23:00;774.5
12/03/2018 23:15;761.39
12/03/2018 23:30;801.44
12/03/2018 23:45;804.72
13/03/2018 00:00;812.31
13/03/2018 00:15;797.33
13/03/2018 00:30;813.45
13/03/2018 00:45;782.43
13/03/2018 01:00;793.45
13/03/2018 01:15;781.3
13/03/2018 01:30;808.68
13/03/2018 01:45;775.16
13/03/2018 02:00;743.42
13/03/2018 02:15;765.23
13/03/2018 02:30;779.08
13/03/2018 02:45;767.98
13/03/2018 03:00;784.51
13/03/2018 03:15;686.2
13/03/2018 03:30;690.36
13/03/2018 03:45;754.83
13/03/2018 04:00;756.07
13/03/2018 04:15;819.11
13/03/2018 04:30;870.42
13/03/2018 04:45;832.53
13/03/2018 05:00;811.91
13/03/2018 05:15;816.31
13/03/2018 05:30;783.54
13/03/2018 05:45;768.86
13/03/2018 06:00;773.29
13/03/2018 06:15;762.58
13/03/2018 06:30;795.33
13/03/2018 06:45;802.67
13/03/2018 07:00;824.64
13/03/2018 07:15;827.09
13/03/2018 07:30;840.96
13/03/2018 07:45;840.08
13/03/2018 08:00;867.85
13/03/2018 08:15;875.33
13/03/2018 08:30;854.38
13/03/2018 08:45;809.17
13/03/2018 09:00;774.64
13/03/2018 09:15;739.4
13/03/2018 09:30;782.39
13/03/2018 09:45;734.29
13/03/2018 10:00;751.31
13/03/2018 10:15;676.7
13/03/2018 10:30;646.73
13/03/2018 10:45;605.39
13/03/2018 11:00;613.96
13/03/2018 11:15;598.46
13/03/2018 11:30;548.89
13/03/2018 11:45;550.79
13/03/2018 12:00;538.83
13/03/2018 12:15;505.89
13/03/2018 12:30;470.62
13/03/2018 12:45;471.41
13/03/2018 13:00;526.3
13/03/2018 13:15;512.92
13/03/2018 13:30;525.1
13/03/2018 13:45;503.14
13/03/2018 14:00;473.54
13/03/2018 14:15;437.21
13/03/2018 14:30;451.67
13/03/2018 14:45;426.18
13/03/2018 15:00;432.03
13/03/2018 15:15;421.91
13/03/2018 15:30;412.92
13/03/2018 15:45;396.39
13/03/2018 16:00;383.16
13/03/2018 16:15;376.58
13/03/2018 16:30;333.19
13/03/2018 16:45;325.76
13/03/2018 17:00;291.32
13/03/2018 17:15;282.22
13/03/2018 17:30;247.49
13/03/2018 17:45;202.6
13/03/2018 18:00;200.33
13/03/2018 18:15;195.25
13/03/2018 18:30;179.64
13/03/2018 18:45;149.39
13/03/2018 19:00;123.41
13/03/2018 19:15;111.8
13/03/2018 19:30;111.22
13/03/2018 19:45;105.55
13/03/2018 20:00;99.62
13/03/2018 20:15;94.68
13/03/2018 20:30;88.02
13/03/2018 20:45;74.13
13/03/2018 21:00;68.27
13/03/2018 21:15;60.04
13/03/2018 21:30;51.55
13/03/2018 21:45;46.57
13/03/2018 22:00;45.63
13/03/2018 22:15;55.82
13/03/2018 22:30;68.49
13/03/2018 22:45;86.69
13/03/2018 23:00;86.59
13/03/2018 23:15;96.61
13/03/2018 23:30;99.53
13/03/2018 23:45;97.96
14/03/2018 00:00;96.13
14/03/2018 00:15;95.46
14/03/2018 00:30;101.83
14/03/2018 00:45;112.71
14/03/2018 01:00;130.08
14/03/2018 01:15;130.58
14/03/2018 01:30;124.97
14/03/2018 01:45;118.6
14/03/2018 02:00;128.2
14/03/2018 02:15;143.62
14/03/2018 02:30;143.06
14/03/2018 02:45;123.77
14/03/2018 03:00;122.77
14/03/2018 03:15;136.53
14/03/2018 03:30;141.55
14/03/2018 03:45;160.64
14/03/2018 04:00;170.57
14/03/2018 04:15;170.45
14/03/2018 04:30;161.34
14/03/2018 04:45;170.17
14/03/2018 05:00;171.43
14/03/2018 05:15;153.4
14/03/2018 05:30;160.07
14/03/2018 05:45;168.11
14/03/2018 06:00;174.1
14/03/2018 06:15;166.52
14/03/2018 06:30;181.1
14/03/2018 06:45;205.69
14/03/2018 07:00;214.96
14/03/2018 07:15;220.99
14/03/2018 07:30;234.16
14/03/2018 07:45;226.74
14/03/2018 08:00;256.95
14/03/2018 08:15;283.75
14/03/2018 08:30;286.27
14/03/2018 08:45;247.77
14/03/2018 09:00;190.14
14/03/2018 09:15;151.12
14/03/2018 09:30;121.59
14/03/2018 09:45;101
14/03/2018 10:00;99.61
14/03/2018 10:15;101.74
14/03/2018 10:30;111.69
14/03/2018 10:45;108.12
14/03/2018 11:00;134.74
14/03/2018 11:15;136.43
14/03/2018 11:30;170.08
14/03/2018 11:45;181.73
14/03/2018 12:00;188.15
14/03/2018 12:15;210.07
14/03/2018 12:30;228.81
14/03/2018 12:45;231.76
14/03/2018 13:00;245.13
14/03/2018 13:15;281.68
14/03/2018 13:30;301.91
14/03/2018 13:45;322.99
14/03/2018 14:00;319.2
14/03/2018 14:15;318.77
14/03/2018 14:30;344.04
14/03/2018 14:45;346.07
14/03/2018 15:00;333.33
14/03/2018 15:15;347.99
14/03/2018 15:30;340.76
14/03/2018 15:45;371.54
14/03/2018 16:00;394.14
14/03/2018 16:15;389.79
14/03/2018 16:30;414.94
14/03/2018 16:45;385.41
14/03/2018 17:00;389.08
14/03/2018 17:15;431.49
14/03/2018 17:30;410.12
14/03/2018 17:45;411.82
14/03/2018 18:00;408.71
14/03/2018 18:15;413.66
14/03/2018 18:30;421.75
14/03/2018 18:45;454.25
14/03/2018 19:00;482.67
14/03/2018 19:15;527.99
14/03/2018 19:30;578.08
14/03/2018 19:45;610.45
14/03/2018 20:00;651.36
14/03/2018 20:15;679.41
14/03/2018 20:30;704.78
14/03/2018 20:45;719.32
14/03/2018 21:00;731.72
14/03/2018 21:15;747.82
14/03/2018 21:30;749.54
14/03/2018 21:45;765.54
14/03/2018 22:00;779.45
14/03/2018 22:15;783.22
14/03/2018 22:30;803.22
14/03/2018 22:45;822.21
14/03/2018 23:00;821.26
14/03/2018 23:15;821.21
14/03/2018 23:30;857.78
14/03/2018 23:45;848.87
15/03/2018 00:00;836.79
15/03/2018 00:15;820.95
15/03/2018 00:30;800.85
15/03/2018 00:45;787.21
15/03/2018 01:00;772.99
15/03/2018 01:15;787.24
15/03/2018 01:30;756.31
15/03/2018 01:45;741.21
15/03/2018 02:00;780.98
15/03/2018 02:15;815.81
15/03/2018 02:30;792.73
15/03/2018 02:45;753.11
15/03/2018 03:00;768.92
15/03/2018 03:15;721.89
15/03/2018 03:30;741.37
15/03/2018 03:45;788.32
15/03/2018 04:00;789.71
15/03/2018 04:15;804.66
15/03/2018 04:30;785.38
15/03/2018 04:45;748.17
15/03/2018 05:00;736.67
15/03/2018 05:15;716.88
15/03/2018 05:30;695.4
15/03/2018 05:45;666.07
15/03/2018 06:00;649.08
15/03/2018 06:15;610.72
15/03/2018 06:30;614.03
15/03/2018 06:45;604.08
15/03/2018 07:00;572.56
15/03/2018 07:15;578.92
15/03/2018 07:30;566.47
15/03/2018 07:45;560.06
15/03/2018 08:00;529.5
15/03/2018 08:15;484.15
15/03/2018 08:30;453
15/03/2018 08:45;398.93
15/03/2018 09:00;343.08
15/03/2018 09:15;294.63
15/03/2018 09:30;270.61
15/03/2018 09:45;276.34
15/03/2018 10:00;296.14
15/03/2018 10:15;326.67
15/03/2018 10:30;333.55
15/03/2018 10:45;338.48
15/03/2018 11:00;289.59
15/03/2018 11:15;259.56
15/03/2018 11:30;283.19
15/03/2018 11:45;334.63
15/03/2018 12:00;296.79
15/03/2018 12:15;268.3
15/03/2018 12:30;259.52
15/03/2018 12:45;265.65
15/03/2018 13:00;262.99
15/03/2018 13:15;262.87
15/03/2018 13:30;223.88
15/03/2018 13:45;226.32
15/03/2018 14:00;227.07
15/03/2018 14:15;267.86
15/03/2018 14:30;304.02
15/03/2018 14:45;311.44
15/03/2018 15:00;321.92
15/03/2018 15:15;308.54
15/03/2018 15:30;303.7
15/03/2018 15:45;257.17
15/03/2018 16:00;254.91
15/03/2018 16:15;239.53
15/03/2018 16:30;205.61
15/03/2018 16:45;204.08
15/03/2018 17:00;204.89
15/03/2018 17:15;207.62
15/03/2018 17:30;200.56
15/03/2018 17:45;207.58
15/03/2018 18:00;204.2
15/03/2018 18:15;190.85
15/03/2018 18:30;195.67
15/03/2018 18:45;206.56
15/03/2018 19:00;209.37
15/03/2018 19:15;216.67
15/03/2018 19:30;205.8
15/03/2018 19:45;210.89
15/03/2018 20:00;208.86
15/03/2018 20:15;240.02
15/03/2018 20:30;264.08
15/03/2018 20:45;294.51
15/03/2018 21:00;293.31
15/03/2018 21:15;303.15
15/03/2018 21:30;326.83
15/03/2018 21:45;350.58
15/03/2018 22:00;368.04
15/03/2018 22:15;374.55
15/03/2018 22:30;341.09
15/03/2018 22:45;273.76
15/03/2018 23:00;232
15/03/2018 23:15;224.11
15/03/2018 23:30;226.41
15/03/2018 23:45;265.48
16/03/2018 00:00;281.99
16/03/2018 00:15;364.19
16/03/2018 00:30;393.74
16/03/2018 00:45;349.59
16/03/2018 01:00;332.7
16/03/2018 01:15;314.52
16/03/2018 01:30;292.16
16/03/2018 01:45;272.08
16/03/2018 02:00;303.93
16/03/2018 02:15;299.14
16/03/2018 02:30;259.42
16/03/2018 02:45;273.3
16/03/2018 03:00;273.72
16/03/2018 03:15;206.88
16/03/2018 03:30;176.22
16/03/2018 03:45;201.36
16/03/2018 04:00;211.83
16/03/2018 04:15;198.89
16/03/2018 04:30;194.6
16/03/2018 04:45;179.64
16/03/2018 05:00;171.37
16/03/2018 05:15;149.42
16/03/2018 05:30;149.76
16/03/2018 05:45;164.11
16/03/2018 06:00;148.94
16/03/2018 06:15;139.46
16/03/2018 06:30;128.41
16/03/2018 06:45;117.26
16/03/2018 07:00;111.86
16/03/2018 07:15;125.46
16/03/2018 07:30;133.09
16/03/2018 07:45;129.21
16/03/2018 08:00;120.57
16/03/2018 08:15;124.22
16/03/2018 08:30;126.23
16/03/2018 08:45;133.45
16/03/2018 09:00;123.21
16/03/2018 09:15;100.02
16/03/2018 09:30;81.14
16/03/2018 09:45;68.95
16/03/2018 10:00;83.68
16/03/2018 10:15;89.09
16/03/2018 10:30;78.12
16/03/2018 10:45;74.94
16/03/2018 11:00;57.68
16/03/2018 11:15;53.68
16/03/2018 11:30;57.15
16/03/2018 11:45;53.41
16/03/2018 12:00;56.65
16/03/2018 12:15;64.89
16/03/2018 12:30;60.22
16/03/2018 12:45;68.84
16/03/2018 13:00;58.44
16/03/2018 13:15;73.88
16/03/2018 13:30;91.73
16/03/2018 13:45;126.08
16/03/2018 14:00;129.77
16/03/2018 14:15;124.95
16/03/2018 14:30;99.43
16/03/2018 14:45;78.99
16/03/2018 15:00;75.64
16/03/2018 15:15;84.98
16/03/2018 15:30;86.87
16/03/2018 15:45;73.97
16/03/2018 16:00;71.94
16/03/2018 16:15;67.37
16/03/2018 16:30;60.69
16/03/2018 16:45;72.74
16/03/2018 17:00;77.57
16/03/2018 17:15;88.78
16/03/2018 17:30;104.39
16/03/2018 17:45;115.55
16/03/2018 18:00;129.15
16/03/2018 18:15;144.86
16/03/2018 18:30;164.05
16/03/2018 18:45;180.21
16/03/2018 19:00;196.83
16/03/2018 19:15;211.03
16/03/2018 19:30;229.18
16/03/2018 19:45;249.93
16/03/2018 20:00;284.92
16/03/2018 20:15;297.48
16/03/2018 20:30;317.2
16/03/2018 20:45;315.25
16/03/2018 21:00;303.14
16/03/2018 21:15;304.47
16/03/2018 21:30;310.52
16/03/2018 21:45;291.64
16/03/2018 22:00;290.52
16/03/2018 22:15;289.9
16/03/2018 22:30;281.02
16/03/2018 22:45;278
16/03/2018 23:00;269.12
16/03/2018 23:15;267.13
16/03/2018 23:30;282.14
16/03/2018 23:45;266.35
17/03/2018 00:00;262.38
17/03/2018 00:15;280.92
17/03/2018 00:30;299.97
17/03/2018 00:45;329.63
17/03/2018 01:00;359.35
17/03/2018 01:15;378.82
17/03/2018 01:30;390.26
17/03/2018 01:45;385.04
17/03/2018 02:00;389.39
17/03/2018 02:15;401.8
17/03/2018 02:30;422.45
17/03/2018 02:45;412.8
17/03/2018 03:00;425.89
17/03/2018 03:15;388.87
17/03/2018 03:30;390.19
17/03/2018 03:45;420.08
17/03/2018 04:00;442.54
17/03/2018 04:15;469.04
17/03/2018 04:30;482.8
17/03/2018 04:45;493.24
17/03/2018 05:00;501.66
17/03/2018 05:15;528.7
17/03/2018 05:30;527.36
17/03/2018 05:45;511.65
17/03/2018 06:00;493.11
17/03/2018 06:15;491.11
17/03/2018 06:30;475.61
17/03/2018 06:45;494.78
17/03/2018 07:00;494.38
17/03/2018 07:15;472.84
17/03/2018 07:30;443.91
17/03/2018 07:45;455.05
17/03/2018 08:00;462.24
17/03/2018 08:15;477.72
17/03/2018 08:30;485.97
17/03/2018 08:45;463.58
17/03/2018 09:00;483.31
17/03/2018 09:15;505.81
17/03/2018 09:30;498.57
17/03/2018 09:45;523.63
17/03/2018 10:00;517.44
17/03/2018 10:15;520.79
17/03/2018 10:30;517.66
17/03/2018 10:45;523.53
17/03/2018 11:00;573.14
17/03/2018 11:15;541.87
17/03/2018 11:30;544.32
17/03/2018 11:45;538.98
17/03/2018 12:00;534.62
17/03/2018 12:15;543.87
17/03/2018 12:30;534.32
17/03/2018 12:45;555.75
17/03/2018 13:00;571.15
17/03/2018 13:15;547.9
17/03/2018 13:30;551.02
17/03/2018 13:45;552.57
17/03/2018 14:00;562.56
17/03/2018 14:15;542.3
17/03/2018 14:30;548.16
17/03/2018 14:45;565.93
17/03/2018 15:00;572.8
17/03/2018 15:15;582.79
17/03/2018 15:30;593.31
17/03/2018 15:45;605.83
17/03/2018 16:00;552.51
17/03/2018 16:15;547.77
17/03/2018 16:30;543.15
17/03/2018 16:45;538.51
17/03/2018 17:00;570.51
17/03/2018 17:15;592.61
17/03/2018 17:30;631.8
17/03/2018 17:45;629.81
17/03/2018 18:00;621.32
17/03/2018 18:15;608.11
17/03/2018 18:30;610.69
17/03/2018 18:45;620.99
17/03/2018 19:00;664.05
17/03/2018 19:15;654.86
17/03/2018 19:30;669
17/03/2018 19:45;644.12
17/03/2018 20:00;661.44
17/03/2018 20:15;651.13
17/03/2018 20:30;656.11
17/03/2018 20:45;681.99
17/03/2018 21:00;655.25
17/03/2018 21:15;663.88
17/03/2018 21:30;672.52
17/03/2018 21:45;697.47
17/03/2018 22:00;715.68
17/03/2018 22:15;718.46
17/03/2018 22:30;704.82
17/03/2018 22:45;711.32
17/03/2018 23:00;674.95
17/03/2018 23:15;683.42
17/03/2018 23:30;667.49
17/03/2018 23:45;648.88
18/03/2018 00:00;668.6
18/03/2018 00:15;656.6
18/03/2018 00:30;621.07
18/03/2018 00:45;609.53
18/03/2018 01:00;596.68
18/03/2018 01:15;616.16
18/03/2018 01:30;608.89
18/03/2018 01:45;614.02
18/03/2018 02:00;613.97
18/03/2018 02:15;610.35
18/03/2018 02:30;631.25
18/03/2018 02:45;653.58
18/03/2018 03:00;644.97
18/03/2018 03:15;585.18
18/03/2018 03:30;579.34
18/03/2018 03:45;639.38
18/03/2018 04:00;642.44
18/03/2018 04:15;633.48
18/03/2018 04:30;636.5
18/03/2018 04:45;610
18/03/2018 05:00;613.25
18/03/2018 05:15;612.82
18/03/2018 05:30;609.32
18/03/2018 05:45;592.21
18/03/2018 06:00;553.26
18/03/2018 06:15;551.62
18/03/2018 06:30;559.98
18/03/2018 06:45;553.94
18/03/2018 07:00;556.96
18/03/2018 07:15;576.77
18/03/2018 07:30;579.17
18/03/2018 07:45;578.64
18/03/2018 08:00;592.2
18/03/2018 08:15;629.95
18/03/2018 08:30;630.67
18/03/2018 08:45;657.71
18/03/2018 09:00;650.16
18/03/2018 09:15;647.48
18/03/2018 09:30;665.84
18/03/2018 09:45;702.51
18/03/2018 10:00;678.04
18/03/2018 10:15;670.95
18/03/2018 10:30;634.92
18/03/2018 10:45;644.15
18/03/2018 11:00;637.77
18/03/2018 11:15;630.24
18/03/2018 11:30;641.19
18/03/2018 11:45;644.41
18/03/2018 12:00;631.42
18/03/2018 12:15;687.89
18/03/2018 12:30;681.71
18/03/2018 12:45;699.42
18/03/2018 13:00;682.39
18/03/2018 13:15;662.56
18/03/2018 13:30;660.77
18/03/2018 13:45;635.27
18/03/2018 14:00;656.56
18/03/2018 14:15;653.14
18/03/2018 14:30;586.09
18/03/2018 14:45;614.07
18/03/2018 15:00;628.65
18/03/2018 15:15;631.33
18/03/2018 15:30;621.58
18/03/2018 15:45;609.26
18/03/2018 16:00;606.24
18/03/2018 16:15;581.36
18/03/2018 16:30;525.52
18/03/2018 16:45;513.61
18/03/2018 17:00;524.03
18/03/2018 17:15;468.71
18/03/2018 17:30;488.82
18/03/2018 17:45;489.86
18/03/2018 18:00;458.51
18/03/2018 18:15;445.12
18/03/2018 18:30;453.11
18/03/2018 18:45;463.24
18/03/2018 19:00;453.52
18/03/2018 19:15;406.66
18/03/2018 19:30;395.57
18/03/2018 19:45;402.3
18/03/2018 20:00;417.37
18/03/2018 20:15;451.9
18/03/2018 20:30;422.69
18/03/2018 20:45;436.03
18/03/2018 21:00;438.5
18/03/2018 21:15;434.82
18/03/2018 21:30;467.12
18/03/2018 21:45;474.73
18/03/2018 22:00;459.24
18/03/2018 22:15;424.38
18/03/2018 22:30;401.91
18/03/2018 22:45;411.96
18/03/2018 23:00;391.57
18/03/2018 23:15;384.8
18/03/2018 23:30;370.17
18/03/2018 23:45;354.06
19/03/2018 00:00;345.23
19/03/2018 00:15;337.85
19/03/2018 00:30;331.97
19/03/2018 00:45;316.32
19/03/2018 01:00;297.6
19/03/2018 01:15;300.59
19/03/2018 01:30;291.28
19/03/2018 01:45;282.59
19/03/2018 02:00;284.69
19/03/2018 02:15;278.12
19/03/2018 02:30;273.31
19/03/2018 02:45;266.41
19/03/2018 03:00;276.28
19/03/2018 03:15;243.29
19/03/2018 03:30;239.19
19/03/2018 03:45;268.89
19/03/2018 04:00;265.23
19/03/2018 04:15;275.86
19/03/2018 04:30;281.6
19/03/2018 04:45;301.38
19/03/2018 05:00;311.37
19/03/2018 05:15;304.9
19/03/2018 05:30;291.92
19/03/2018 05:45;286.32
19/03/2018 06:00;266.99
19/03/2018 06:15;267.35
19/03/2018 06:30;263.14
19/03/2018 06:45;258.68
19/03/2018 07:00;257.29
19/03/2018 07:15;277.44
19/03/2018 07:30;297.88
19/03/2018 07:45;309.91
19/03/2018 08:00;323.78
19/03/2018 08:15;335.56
19/03/2018 08:30;345.12
19/03/2018 08:45;367.42
19/03/2018 09:00;330.96
19/03/2018 09:15;315.62
19/03/2018 09:30;321.56
19/03/2018 09:45;298.21
19/03/2018 10:00;283.89
19/03/2018 10:15;260.5
19/03/2018 10:30;245.87
19/03/2018 10:45;243.94
19/03/2018 11:00;205.87
19/03/2018 11:15;195.86
19/03/2018 11:30;200.46
19/03/2018 11:45;188.6
19/03/2018 12:00;199.22
19/03/2018 12:15;215.88
19/03/2018 12:30;218.69
19/03/2018 12:45;229.22
19/03/2018 13:00;235.61
19/03/2018 13:15;243.59
19/03/2018 13:30;257.36
19/03/2018 13:45;265.77
19/03/2018 14:00;274.88
19/03/2018 14:15;290.88
19/03/2018 14:30;301.25
19/03/2018 14:45;327
19/03/2018 15:00;324.7
19/03/2018 15:15;321.39
19/03/2018 15:30;316.93
19/03/2018 15:45;300.75
19/03/2018 16:00;300.16
19/03/2018 16:15;313.95
19/03/2018 16:30;298.49
19/03/2018 16:45;281.08
19/03/2018 17:00;282.63
19/03/2018 17:15;306.1
19/03/2018 17:30;291.86
19/03/2018 17:45;320.03
19/03/2018 18:00;349.06
19/03/2018 18:15;319.02
19/03/2018 18:30;296.21
19/03/2018 18:45;293.65
19/03/2018 19:00;289.2
19/03/2018 19:15;266.57
19/03/2018 19:30;260.76
19/03/2018 19:45;278.38
19/03/2018 20:00;293.31
19/03/2018 20:15;305.83
19/03/2018 20:30;326.3
19/03/2018 20:45;308.59
19/03/2018 21:00;296.16
19/03/2018 21:15;306.55
19/03/2018 21:30;364.66
19/03/2018 21:45;389.56
19/03/2018 22:00;397.06
19/03/2018 22:15;407.45
19/03/2018 22:30;448.95
19/03/2018 22:45;430.87
19/03/2018 23:00;401.99
19/03/2018 23:15;399.65
19/03/2018 23:30;377.93
19/03/2018 23:45;377.06
20/03/2018 00:00;358.97
20/03/2018 00:15;361.87
20/03/2018 00:30;374.39
20/03/2018 00:45;398.66
20/03/2018 01:00;391.69
20/03/2018 01:15;387.05
20/03/2018 01:30;322.08
20/03/2018 01:45;300.29
20/03/2018 02:00;306.89
20/03/2018 02:15;275.59
20/03/2018 02:30;253.46
20/03/2018 02:45;264.24
20/03/2018 03:00;280.42
20/03/2018 03:15;236.11
20/03/2018 03:30;218.66
20/03/2018 03:45;248.67
20/03/2018 04:00;239.46
20/03/2018 04:15;222.85
20/03/2018 04:30;205.21
20/03/2018 04:45;190.22
20/03/2018 05:00;203.83
20/03/2018 05:15;200.64
20/03/2018 05:30;200.02
20/03/2018 05:45;167.34
20/03/2018 06:00;147.75
20/03/2018 06:15;164.95
20/03/2018 06:30;188.49
20/03/2018 06:45;203.05
20/03/2018 07:00;206.13
20/03/2018 07:15;204.75
20/03/2018 07:30;221.88
20/03/2018 07:45;249.26
20/03/2018 08:00;252.13
20/03/2018 08:15;238.4
20/03/2018 08:30;258
20/03/2018 08:45;282.38
20/03/2018 09:00;313.23
20/03/2018 09:15;325.47
20/03/2018 09:30;332.98
20/03/2018 09:45;355.94
20/03/2018 10:00;373.22
20/03/2018 10:15;403.82
20/03/2018 10:30;402.34
20/03/2018 10:45;397.97
20/03/2018 11:00;343.52
20/03/2018 11:15;364.37
20/03/2018 11:30;366.75
20/03/2018 11:45;396.81
20/03/2018 12:00;449.52
20/03/2018 12:15;488.01
20/03/2018 12:30;509.99
20/03/2018 12:45;525.12
20/03/2018 13:00;625.78
20/03/2018 13:15;597.32
20/03/2018 13:30;611.02
20/03/2018 13:45;621.79
20/03/2018 14:00;647.9
20/03/2018 14:15;687.71
20/03/2018 14:30;727.96
20/03/2018 14:45;725.56
20/03/2018 15:00;706.1
20/03/2018 15:15;735.94
20/03/2018 15:30;769.68
20/03/2018 15:45;760.76
20/03/2018 16:00;803.75
20/03/2018 16:15;839.26
20/03/2018 16:30;858.19
20/03/2018 16:45;882.59
20/03/2018 17:00;881.22
20/03/2018 17:15;850.78
20/03/2018 17:30;846.61
20/03/2018 17:45;853.89
20/03/2018 18:00;769.42
20/03/2018 18:15;674.97
20/03/2018 18:30;674.99
20/03/2018 18:45;664.04
20/03/2018 19:00;674.11
20/03/2018 19:15;641.68
20/03/2018 19:30;590.83
20/03/2018 19:45;573.74
20/03/2018 20:00;562.02
20/03/2018 20:15;560.4
20/03/2018 20:30;531.65
20/03/2018 20:45;530.32
20/03/2018 21:00;506.44
20/03/2018 21:15;485.06
20/03/2018 21:30;509.32
20/03/2018 21:45;524.5
20/03/2018 22:00;505.99
20/03/2018 22:15;460.59
20/03/2018 22:30;445
20/03/2018 22:45;425.69
20/03/2018 23:00;407.06
20/03/2018 23:15;397.89
20/03/2018 23:30;392.29
20/03/2018 23:45;376.45
21/03/2018 00:00;343.28
21/03/2018 00:15;325.15
21/03/2018 00:30;296.05
21/03/2018 00:45;276.78
21/03/2018 01:00;268.88
21/03/2018 01:15;246.01
21/03/2018 01:30;229.97
21/03/2018 01:45;199.68
21/03/2018 02:00;187.04
21/03/2018 02:15;190.67
21/03/2018 02:30;173.52
21/03/2018 02:45;162.06
21/03/2018 03:00;157.51
21/03/2018 03:15;135.64
21/03/2018 03:30;117.9
21/03/2018 03:45;113.18
21/03/2018 04:00;105.4
21/03/2018 04:15;101.12
21/03/2018 04:30;91.15
21/03/2018 04:45;82.07
21/03/2018 05:00;88.37
21/03/2018 05:15;75.67
21/03/2018 05:30;64.77
21/03/2018 05:45;51.41
21/03/2018 06:00;47.92
21/03/2018 06:15;40.85
21/03/2018 06:30;33.17
21/03/2018 06:45;34.11
21/03/2018 07:00;31.66
21/03/2018 07:15;29.48
21/03/2018 07:30;22.5
21/03/2018 07:45;23.23
21/03/2018 08:00;27.13
21/03/2018 08:15;27.37
21/03/2018 08:30;23.9
21/03/2018 08:45;22.39
21/03/2018 09:00;21.96
21/03/2018 09:15;20.24
21/03/2018 09:30;20.57
21/03/2018 09:45;20.99
21/03/2018 10:00;20.17
21/03/2018 10:15;21.9
21/03/2018 10:30;22.28
21/03/2018 10:45;21.34
21/03/2018 11:00;21.21
21/03/2018 11:15;21.78
21/03/2018 11:30;23.37
21/03/2018 11:45;24.64
21/03/2018 12:00;27.37
21/03/2018 12:15;33.22
21/03/2018 12:30;39.73
21/03/2018 12:45;41.13
21/03/2018 13:00;44.33
21/03/2018 13:15;52.02
21/03/2018 13:30;68.15
21/03/2018 13:45;74.68
21/03/2018 14:00;77.4
21/03/2018 14:15;94.57
21/03/2018 14:30;88.58
21/03/2018 14:45;77.01
21/03/2018 15:00;73.4
21/03/2018 15:15;72.44
21/03/2018 15:30;76.12
21/03/2018 15:45;87.41
21/03/2018 16:00;86.45
21/03/2018 16:15;97.96
21/03/2018 16:30;98.63
21/03/2018 16:45;87.05
21/03/2018 17:00;82.03
21/03/2018 17:15;94.85
21/03/2018 17:30;90.67
21/03/2018 17:45;89.68
21/03/2018 18:00;88.61
21/03/2018 18:15;82.86
21/03/2018 18:30;85.75
21/03/2018 18:45;88.22
21/03/2018 19:00;81.99
21/03/2018 19:15;79.94
21/03/2018 19:30;86.46
21/03/2018 19:45;101.52
21/03/2018 20:00;106.51
21/03/2018 20:15;108.7
21/03/2018 20:30;111.48
21/03/2018 20:45;122.11
21/03/2018 21:00;135.52
21/03/2018 21:15;145.3
21/03/2018 21:30;168.99
21/03/2018 21:45;188.06
21/03/2018 22:00;203.41
21/03/2018 22:15;218.41
21/03/2018 22:30;240.07
21/03/2018 22:45;245.74
21/03/2018 23:00;262.8
21/03/2018 23:15;286.31
21/03/2018 23:30;308.56
21/03/2018 23:45;327.17
22/03/2018 00:00;334.35
22/03/2018 00:15;348.87
22/03/2018 00:30;381.17
22/03/2018 00:45;401.69
22/03/2018 01:00;396.34
22/03/2018 01:15;402.32
22/03/2018 01:30;424.99
22/03/2018 01:45;427.05
22/03/2018 02:00;409.16
22/03/2018 02:15;397.26
22/03/2018 02:30;378.52
22/03/2018 02:45;384.24
22/03/2018 03:00;370.42
22/03/2018 03:15;320.26
22/03/2018 03:30;335.83
22/03/2018 03:45;370.42
22/03/2018 04:00;396.24
22/03/2018 04:15;410.95
22/03/2018 04:30;409.48
22/03/2018 04:45;407.62
22/03/2018 05:00;402.24
22/03/2018 05:15;409.97
22/03/2018 05:30;427.12
22/03/2018 05:45;442.87
22/03/2018 06:00;426.12
22/03/2018 06:15;429.11
22/03/2018 06:30;440.66
22/03/2018 06:45;424.15
22/03/2018 07:00;421.65
22/03/2018 07:15;410.28
22/03/2018 07:30;435.92
22/03/2018 07:45;466.24
22/03/2018 08:00;490.03
22/03/2018 08:15;513.6
22/03/2018 08:30;470.01
22/03/2018 08:45;456.21
22/03/2018 09:00;431.79
22/03/2018 09:15;438.32
22/03/2018 09:30;423.83
22/03/2018 09:45;419.12
22/03/2018 10:00;387.82
22/03/2018 10:15;361.2
22/03/2018 10:30;362.61
22/03/2018 10:45;340.32
22/03/2018 11:00;334.18
22/03/2018 11:15;324.13
22/03/2018 11:30;316.59
22/03/2018 11:45;305.76
22/03/2018 12:00;300.52
22/03/2018 12:15;313.37
22/03/2018 12:30;316.79
22/03/2018 12:45;312.01
22/03/2018 13:00;310.01
22/03/2018 13:15;311.08
22/03/2018 13:30;295.65
22/03/2018 13:45;275.43
22/03/2018 14:00;278.39
22/03/2018 14:15;279.47
22/03/2018 14:30;274.56
22/03/2018 14:45;267.38
22/03/2018 15:00;259.56
22/03/2018 15:15;261.98
22/03/2018 15:30;268.6
22/03/2018 15:45;258.37
22/03/2018 16:00;248.7
22/03/2018 16:15;258.47
22/03/2018 16:30;243.77
22/03/2018 16:45;254.31
22/03/2018 17:00;235.46
22/03/2018 17:15;226.16
22/03/2018 17:30;237.69
22/03/2018 17:45;212.02
22/03/2018 18:00;200.8
22/03/2018 18:15;192.26
22/03/2018 18:30;182.59
22/03/2018 18:45;171.83
22/03/2018 19:00;163.32
22/03/2018 19:15;156.22
22/03/2018 19:30;150.02
22/03/2018 19:45;143.41
22/03/2018 20:00;140.52
22/03/2018 20:15;138.52
22/03/2018 20:30;138.71
22/03/2018 20:45;137.64
22/03/2018 21:00;135.12
22/03/2018 21:15;150.83
22/03/2018 21:30;156.63
22/03/2018 21:45;151.38
22/03/2018 22:00;163.25
22/03/2018 22:15;176.16
22/03/2018 22:30;199.82
22/03/2018 22:45;192.06
22/03/2018 23:00;182.91
22/03/2018 23:15;186.52
22/03/2018 23:30;198.1
22/03/2018 23:45;211.27
23/03/2018 00:00;208.1
23/03/2018 00:15;196.32
23/03/2018 00:30;185.3
23/03/2018 00:45;174.49
23/03/2018 01:00;183.97
23/03/2018 01:15;196.96
23/03/2018 01:30;197.07
23/03/2018 01:45;193.52
23/03/2018 02:00;190.4
23/03/2018 02:15;193.71
23/03/2018 02:30;201.58
23/03/2018 02:45;206.78
23/03/2018 03:00;199.56
23/03/2018 03:15;186.05
23/03/2018 03:30;176.5
23/03/2018 03:45;196.16
23/03/2018 04:00;206.73
23/03/2018 04:15;204.3
23/03/2018 04:30;190.67
23/03/2018 04:45;184.49
23/03/2018 05:00;183.04
23/03/2018 05:15;188.55
23/03/2018 05:30;188.83
23/03/2018 05:45;183.56
23/03/2018 06:00;174.79
23/03/2018 06:15;179.91
23/03/2018 06:30;187.64
23/03/2018 06:45;192.24
23/03/2018 07:00;206.34
23/03/2018 07:15;225.83
23/03/2018 07:30;216.63
23/03/2018 07:45;224.76
23/03/2018 08:00;268.47
23/03/2018 08:15;292.35
23/03/2018 08:30;308.32
23/03/2018 08:45;321.06
23/03/2018 09:00;339.65
23/03/2018 09:15;360.02
23/03/2018 09:30;334.7
23/03/2018 09:45;373.39
23/03/2018 10:00;422.17
23/03/2018 10:15;435.86
23/03/2018 10:30;519.74
23/03/2018 10:45;597.69
23/03/2018 11:00;592.21
23/03/2018 11:15;573.88
23/03/2018 11:30;556.99
23/03/2018 11:45;565.11
23/03/2018 12:00;580.39
23/03/2018 12:15;560.13
23/03/2018 12:30;555.39
23/03/2018 12:45;553.28
23/03/2018 13:00;579.91
23/03/2018 13:15;571.06
23/03/2018 13:30;567.3
23/03/2018 13:45;564.46
23/03/2018 14:00;555.57
23/03/2018 14:15;538.18
23/03/2018 14:30;490.72
23/03/2018 14:45;480.98
23/03/2018 15:00;463.31
23/03/2018 15:15;453.94
23/03/2018 15:30;431.97
23/03/2018 15:45;415.13
23/03/2018 16:00;361.07
23/03/2018 16:15;336.06
23/03/2018 16:30;299.2
23/03/2018 16:45;280.88
23/03/2018 17:00;278.82
23/03/2018 17:15;259.8
23/03/2018 17:30;250.57
23/03/2018 17:45;234.95
23/03/2018 18:00;221.51
23/03/2018 18:15;215.58
23/03/2018 18:30;224.12
23/03/2018 18:45;213.89
23/03/2018 19:00;204.47
23/03/2018 19:15;195.42
23/03/2018 19:30;190.01
23/03/2018 19:45;204.79
23/03/2018 20:00;203.23
23/03/2018 20:15;208.76
23/03/2018 20:30;192.92
23/03/2018 20:45;193.3
23/03/2018 21:00;194.09
23/03/2018 21:15;203.82
23/03/2018 21:30;200.18
23/03/2018 21:45;191.83
23/03/2018 22:00;200.88
23/03/2018 22:15;205.88
23/03/2018 22:30;196.55
23/03/2018 22:45;191.25
23/03/2018 23:00;180.36
23/03/2018 23:15;172.69
23/03/2018 23:30;160.15
23/03/2018 23:45;159.35
24/03/2018 00:00;155.13
24/03/2018 00:15;164.89
24/03/2018 00:30;178.17
24/03/2018 00:45;180.8
24/03/2018 01:00;179.31
24/03/2018 01:15;164.06
24/03/2018 01:30;152.46
24/03/2018 01:45;133.69
24/03/2018 02:00;106.19
24/03/2018 02:15;93.5
24/03/2018 02:30;85.9
24/03/2018 02:45;79.45
24/03/2018 03:00;60.37
24/03/2018 03:15;49.55
24/03/2018 03:30;54.63
24/03/2018 03:45;58.04
24/03/2018 04:00;65.36
24/03/2018 04:15;57.64
24/03/2018 04:30;61.62
24/03/2018 04:45;64.42
24/03/2018 05:00;76.95
24/03/2018 05:15;83.99
24/03/2018 05:30;77.95
24/03/2018 05:45;76.31
24/03/2018 06:00;69.41
24/03/2018 06:15;76.79
24/03/2018 06:30;85.67
24/03/2018 06:45;92.72
24/03/2018 07:00;92.79
24/03/2018 07:15;96.01
24/03/2018 07:30;93.98
24/03/2018 07:45;88.41
24/03/2018 08:00;80.8
24/03/2018 08:15;68.11
24/03/2018 08:30;64.14
24/03/2018 08:45;61.35
24/03/2018 09:00;58.28
24/03/2018 09:15;52.66
24/03/2018 09:30;55.99
24/03/2018 09:45;60.02
24/03/2018 10:00;68.38
24/03/2018 10:15;80.97
24/03/2018 10:30;74.83
24/03/2018 10:45;73.9
24/03/2018 11:00;77.94
24/03/2018 11:15;72.55
24/03/2018 11:30;72.28
24/03/2018 11:45;67.02
24/03/2018 12:00;62.01
24/03/2018 12:15;64.51
24/03/2018 12:30;53.09
24/03/2018 12:45;46.14
24/03/2018 13:00;39.26
24/03/2018 13:15;36.2
24/03/2018 13:30;33.54
24/03/2018 13:45;30.48
24/03/2018 14:00;26.27
24/03/2018 14:15;29.01
24/03/2018 14:30;26.42
24/03/2018 14:45;26.42
24/03/2018 15:00;22.41
24/03/2018 15:15;25.01
24/03/2018 15:30;25.06
24/03/2018 15:45;24.83
24/03/2018 16:00;24.2
24/03/2018 16:15;25.42
24/03/2018 16:30;23.14
24/03/2018 16:45;27
24/03/2018 17:00;27.12
24/03/2018 17:15;29.45
24/03/2018 17:30;35.59
24/03/2018 17:45;38.45
24/03/2018 18:00;45.66
24/03/2018 18:15;51.29
24/03/2018 18:30;62.03
24/03/2018 18:45;80.03
24/03/2018 19:00;94.64
24/03/2018 19:15;102.62
24/03/2018 19:30;119.09
24/03/2018 19:45;144.06
24/03/2018 20:00;160.19
24/03/2018 20:15;153.24
24/03/2018 20:30;158.41
24/03/2018 20:45;172.24
24/03/2018 21:00;202.41
24/03/2018 21:15;211.92
24/03/2018 21:30;211.56
24/03/2018 21:45;198.15
24/03/2018 22:00;193.86
24/03/2018 22:15;194.85
24/03/2018 22:30;186.65
24/03/2018 22:45;180.55
24/03/2018 23:00;159.67
24/03/2018 23:15;148.79
24/03/2018 23:30;139.33
24/03/2018 23:45;123.07
25/03/2018 00:00;115.64
25/03/2018 00:15;113.92
25/03/2018 00:30;102.25
25/03/2018 00:45;97.14
25/03/2018 01:00;93.04
25/03/2018 01:15;91.89
25/03/2018 01:30;87.92
25/03/2018 01:45;88.35
25/03/2018 03:00;89.69
25/03/2018 03:15;78.42
25/03/2018 03:30;72.89
25/03/2018 03:45;73.66
25/03/2018 04:00;75.26
25/03/2018 04:15;74.23
25/03/2018 04:30;72.94
25/03/2018 04:45;67.98
25/03/2018 05:00;66.47
25/03/2018 05:15;64.08
25/03/2018 05:30;66.73
25/03/2018 05:45;66.41
25/03/2018 06:00;58.73
25/03/2018 06:15;53.87
25/03/2018 06:30;48.61
25/03/2018 06:45;47.07
25/03/2018 07:00;43.3
25/03/2018 07:15;43.35
25/03/2018 07:30;41.89
25/03/2018 07:45;40.15
25/03/2018 08:00;43.02
25/03/2018 08:15;44.9
25/03/2018 08:30;47.37
25/03/2018 08:45;52.18
25/03/2018 09:00;52.38
25/03/2018 09:15;52.08
25/03/2018 09:30;49.97
25/03/2018 09:45;53.72
25/03/2018 10:00;48.54
25/03/2018 10:15;49.25
25/03/2018 10:30;38.28
25/03/2018 10:45;32.18
25/03/2018 11:00;33.03
25/03/2018 11:15;30.97
25/03/2018 11:30;34.63
25/03/2018 11:45;40.46
25/03/2018 12:00;46.09
25/03/2018 12:15;57.86
25/03/2018 12:30;64.52
25/03/2018 12:45;69.14
25/03/2018 13:00;72.72
25/03/2018 13:15;67.1
25/03/2018 13:30;68.59
25/03/2018 13:45;71.35
25/03/2018 14:00;74.89
25/03/2018 14:15;76.17
25/03/2018 14:30;85.02
25/03/2018 14:45;88.72
25/03/2018 15:00;87.12
25/03/2018 15:15;87.93
25/03/2018 15:30;95.09
25/03/2018 15:45;96.32
25/03/2018 16:00;101.15
25/03/2018 16:15;138.29
25/03/2018 16:30;173.37
25/03/2018 16:45;186.73
25/03/2018 17:00;194.56
25/03/2018 17:15;203.8
25/03/2018 17:30;208.69
25/03/2018 17:45;238.07
25/03/2018 18:00;227.07
25/03/2018 18:15;214.91
25/03/2018 18:30;221.95
25/03/2018 18:45;241.98
25/03/2018 19:00;240.17
25/03/2018 19:15;236.73
25/03/2018 19:30;215.82
25/03/2018 19:45;201.22
25/03/2018 20:00;198.93
25/03/2018 20:15;189.13
25/03/2018 20:30;185.9
25/03/2018 20:45;178.11
25/03/2018 21:00;168.4
25/03/2018 21:15;169.41
25/03/2018 21:30;159.48
25/03/2018 21:45;158.31
25/03/2018 22:00;151.98
25/03/2018 22:15;154.45
25/03/2018 22:30;148.32
25/03/2018 22:45;149.4
25/03/2018 23:00;139.83
25/03/2018 23:15;136.65
25/03/2018 23:30;133.45
25/03/2018 23:45;131.36
26/03/2018 00:00;124.6
26/03/2018 00:15;125.68
26/03/2018 00:30;117.57
26/03/2018 00:45;114.41
26/03/2018 01:00;114.87
26/03/2018 01:15;112.03
26/03/2018 01:30;106.7
26/03/2018 01:45;102.56
26/03/2018 02:00;95.21
26/03/2018 02:15;92.05
26/03/2018 02:30;90.18
26/03/2018 02:45;89.42
26/03/2018 03:00;85.74
26/03/2018 03:15;71.64
26/03/2018 03:30;63.91
26/03/2018 03:45;73.77
26/03/2018 04:00;81.21
26/03/2018 04:15;85.45
26/03/2018 04:30;88.72
26/03/2018 04:45;79.8
26/03/2018 05:00;76.18
26/03/2018 05:15;79.8
26/03/2018 05:30;71.17
26/03/2018 05:45;67.99
26/03/2018 06:00;68
26/03/2018 06:15;71.21
26/03/2018 06:30;74.94
26/03/2018 06:45;73.13
26/03/2018 07:00;71.57
26/03/2018 07:15;66.33
26/03/2018 07:30;65
26/03/2018 07:45;54.49
26/03/2018 08:00;42.32
26/03/2018 08:15;38.79
26/03/2018 08:30;33.09
26/03/2018 08:45;23.63
26/03/2018 09:00;20.63
26/03/2018 09:15;18.83
26/03/2018 09:30;11.65
26/03/2018 09:45;11.73
26/03/2018 10:00;18.67
26/03/2018 10:15;25.3
26/03/2018 10:30;34.59
26/03/2018 10:45;45.1
26/03/2018 11:00;59.12
26/03/2018 11:15;54.82
26/03/2018 11:30;58.83
26/03/2018 11:45;51.61
26/03/2018 12:00;57.25
26/03/2018 12:15;52.97
26/03/2018 12:30;53.88
26/03/2018 12:45;53.35
26/03/2018 13:00;54.73
26/03/2018 13:15;65.01
26/03/2018 13:30;66
26/03/2018 13:45;59.22
26/03/2018 14:00;63.65
26/03/2018 14:15;95.14
26/03/2018 14:30;101.59
26/03/2018 14:45;110.36
26/03/2018 15:00;94.45
26/03/2018 15:15;104
26/03/2018 15:30;92.23
26/03/2018 15:45;85.48
26/03/2018 16:00;95.24
26/03/2018 16:15;94.56
26/03/2018 16:30;112.88
26/03/2018 16:45;122.75
26/03/2018 17:00;129.27
26/03/2018 17:15;138.55
26/03/2018 17:30;137.81
26/03/2018 17:45;116
26/03/2018 18:00;100.42
26/03/2018 18:15;105.21
26/03/2018 18:30;105.62
26/03/2018 18:45;81.13
26/03/2018 19:00;69.57
26/03/2018 19:15;52.79
26/03/2018 19:30;52.79
26/03/2018 19:45;67.27
26/03/2018 20:00;103.74
26/03/2018 20:15;95.29
26/03/2018 20:30;76.67
26/03/2018 20:45;70.81
26/03/2018 21:00;72.64
26/03/2018 21:15;74.35
26/03/2018 21:30;73.31
26/03/2018 21:45;79.08
26/03/2018 22:00;68.19
26/03/2018 22:15;56.62
26/03/2018 22:30;49.15
26/03/2018 22:45;43.49
26/03/2018 23:00;35.07
26/03/2018 23:15;33.42
26/03/2018 23:30;35
26/03/2018 23:45;37.93
27/03/2018 00:00;34.04
27/03/2018 00:15;33.04
27/03/2018 00:30;34.55
27/03/2018 00:45;32.19
27/03/2018 01:00;31.65
27/03/2018 01:15;36.33
27/03/2018 01:30;42.6
27/03/2018 01:45;40.57
27/03/2018 02:00;41.05
27/03/2018 02:15;48.55
27/03/2018 02:30;59.65
27/03/2018 02:45;67.76
27/03/2018 03:00;75.6
27/03/2018 03:15;80.92
27/03/2018 03:30;92.76
27/03/2018 03:45;105.17
27/03/2018 04:00;111.4
27/03/2018 04:15;115.54
27/03/2018 04:30;114.4
27/03/2018 04:45;118.51
27/03/2018 05:00;120.24
27/03/2018 05:15;127.39
27/03/2018 05:30;139.95
27/03/2018 05:45;146.53
27/03/2018 06:00;157.78
27/03/2018 06:15;174.13
27/03/2018 06:30;187.29
27/03/2018 06:45;190.85
27/03/2018 07:00;197.53
27/03/2018 07:15;195.12
27/03/2018 07:30;194.51
27/03/2018 07:45;204.75
27/03/2018 08:00;215.65
27/03/2018 08:15;234.85
27/03/2018 08:30;256.32
27/03/2018 08:45;285.45
27/03/2018 09:00;289.1
27/03/2018 09:15;264.78
27/03/2018 09:30;244.93
27/03/2018 09:45;233.37
27/03/2018 10:00;222.87
27/03/2018 10:15;201.51
27/03/2018 10:30;178.56
27/03/2018 10:45;159.63
27/03/2018 11:00;126.02
27/03/2018 11:15;139.3
27/03/2018 11:30;151.54
27/03/2018 11:45;178.15
27/03/2018 12:00;205.64
27/03/2018 12:15;236.95
27/03/2018 12:30;301.41
27/03/2018 12:45;314.47
27/03/2018 13:00;353.93
27/03/2018 13:15;381.6
27/03/2018 13:30;412.36
27/03/2018 13:45;455.29
27/03/2018 14:00;451.22
27/03/2018 14:15;466.39
27/03/2018 14:30;538.42
27/03/2018 14:45;533.14
27/03/2018 15:00;549.04
27/03/2018 15:15;582.45
27/03/2018 15:30;608.47
27/03/2018 15:45;600.08
27/03/2018 16:00;647.5
27/03/2018 16:15;648.45
27/03/2018 16:30;589.28
27/03/2018 16:45;553.37
27/03/2018 17:00;585.85
27/03/2018 17:15;595.41
27/03/2018 17:30;559.57
27/03/2018 17:45;560.49
27/03/2018 18:00;535.57
27/03/2018 18:15;518.17
27/03/2018 18:30;533.84
27/03/2018 18:45;513.97
27/03/2018 19:00;486.5
27/03/2018 19:15;461.32
27/03/2018 19:30;433.89
27/03/2018 19:45;426.81
27/03/2018 20:00;410.29
27/03/2018 20:15;379.08
27/03/2018 20:30;325.27
27/03/2018 20:45;322
27/03/2018 21:00;293.11
27/03/2018 21:15;294.48
27/03/2018 21:30;263.22
27/03/2018 21:45;251.85
27/03/2018 22:00;266.63
27/03/2018 22:15;252.28
27/03/2018 22:30;272.33
27/03/2018 22:45;268.24
27/03/2018 23:00;257.69
27/03/2018 23:15;258.98
27/03/2018 23:30;261.75
27/03/2018 23:45;280.24
28/03/2018 00:00;286.99
28/03/2018 00:15;285.42
28/03/2018 00:30;307.97
28/03/2018 00:45;335.63
28/03/2018 01:00;343.54
28/03/2018 01:15;391.72
28/03/2018 01:30;368.89
28/03/2018 01:45;379.44
28/03/2018 02:00;421.52
28/03/2018 02:15;453.54
28/03/2018 02:30;453.84
28/03/2018 02:45;458.02
28/03/2018 03:00;448.3
28/03/2018 03:15;360.55
28/03/2018 03:30;368.06
28/03/2018 03:45;414.84
28/03/2018 04:00;442.59
28/03/2018 04:15;397.24
28/03/2018 04:30;353.18
28/03/2018 04:45;314.74
28/03/2018 05:00;295.05
28/03/2018 05:15;272.89
28/03/2018 05:30;261.94
28/03/2018 05:45;268.03
28/03/2018 06:00;243.53
28/03/2018 06:15;223.23
28/03/2018 06:30;209.53
28/03/2018 06:45;192.06
28/03/2018 07:00;176.53
28/03/2018 07:15;169.41
28/03/2018 07:30;169.91
28/03/2018 07:45;153.2
28/03/2018 08:00;151.92
28/03/2018 08:15;142.43
28/03/2018 08:30;136.93
28/03/2018 08:45;143.83
28/03/2018 09:00;169.38
28/03/2018 09:15;192.54
28/03/2018 09:30;194.51
28/03/2018 09:45;211.74
28/03/2018 10:00;226.47
28/03/2018 10:15;217.95
28/03/2018 10:30;209.1
28/03/2018 10:45;220.34
28/03/2018 11:00;203.96
28/03/2018 11:15;194.47
28/03/2018 11:30;192.14
28/03/2018 11:45;204.45
28/03/2018 12:00;165.57
28/03/2018 12:15;150.49
28/03/2018 12:30;136.97
28/03/2018 12:45;146.95
28/03/2018 13:00;159.92
28/03/2018 13:15;157.42
28/03/2018 13:30;163.28
28/03/2018 13:45;179.58
28/03/2018 14:00;206.46
28/03/2018 14:15;228.37
28/03/2018 14:30;263.6
28/03/2018 14:45;286.33
28/03/2018 15:00;275.12
28/03/2018 15:15;273.29
28/03/2018 15:30;268.58
28/03/2018 15:45;257.1
28/03/2018 16:00;237.61
28/03/2018 16:15;274.81
28/03/2018 16:30;315.85
28/03/2018 16:45;339.88
28/03/2018 17:00;386.24
28/03/2018 17:15;507.87
28/03/2018 17:30;573.62
28/03/2018 17:45;627.06
28/03/2018 18:00;674.29
28/03/2018 18:15;798.15
28/03/2018 18:30;822.12
28/03/2018 18:45;822.35
28/03/2018 19:00;896.14
28/03/2018 19:15;918.09
28/03/2018 19:30;948.11
28/03/2018 19:45;906.55
28/03/2018 20:00;841.57
28/03/2018 20:15;838.53
28/03/2018 20:30;809.57
28/03/2018 20:45;771.97
28/03/2018 21:00;753.55
28/03/2018 21:15;712.69
28/03/2018 21:30;697.7
28/03/2018 21:45;621.33
28/03/2018 22:00;547.73
28/03/2018 22:15;498.04
28/03/2018 22:30;453.11
28/03/2018 22:45;406.59
28/03/2018 23:00;344.69
28/03/2018 23:15;305.75
28/03/2018 23:30;289.03
28/03/2018 23:45;291.46
29/03/2018 00:00;287.82
29/03/2018 00:15;269.44
29/03/2018 00:30;281.98
29/03/2018 00:45;290.55
29/03/2018 01:00;277.42
29/03/2018 01:15;252.16
29/03/2018 01:30;266.01
29/03/2018 01:45;265.83
29/03/2018 02:00;285.57
29/03/2018 02:15;274.79
29/03/2018 02:30;291.83
29/03/2018 02:45;281.01
29/03/2018 03:00;260.61
29/03/2018 03:15;223.61
29/03/2018 03:30;216.34
29/03/2018 03:45;216.9
29/03/2018 04:00;209.73
29/03/2018 04:15;202.17
29/03/2018 04:30;191.12
29/03/2018 04:45;209.37
29/03/2018 05:00;245.24
29/03/2018 05:15;238
29/03/2018 05:30;219.13
29/03/2018 05:45;216.6
29/03/2018 06:00;179.17
29/03/2018 06:15;179.76
29/03/2018 06:30;177.58
29/03/2018 06:45;194.65
29/03/2018 07:00;203.48
29/03/2018 07:15;218.5
29/03/2018 07:30;227.32
29/03/2018 07:45;238.08
29/03/2018 08:00;259.2
29/03/2018 08:15;262.15
29/03/2018 08:30;251.21
29/03/2018 08:45;256.95
29/03/2018 09:00;234.13
29/03/2018 09:15;227.9
29/03/2018 09:30;208.06
29/03/2018 09:45;186.87
29/03/2018 10:00;175.87
29/03/2018 10:15;155.65
29/03/2018 10:30;138.41
29/03/2018 10:45;127.85
29/03/2018 11:00;108.45
29/03/2018 11:15;132.14
29/03/2018 11:30;164.1
29/03/2018 11:45;180.59
29/03/2018 12:00;242.15
29/03/2018 12:15;274.2
29/03/2018 12:30;299.55
29/03/2018 12:45;297.92
29/03/2018 13:00;288.13
29/03/2018 13:15;266.92
29/03/2018 13:30;235.75
29/03/2018 13:45;243.08
29/03/2018 14:00;211.2
29/03/2018 14:15;173.82
29/03/2018 14:30;150.37
29/03/2018 14:45;134.31
29/03/2018 15:00;130.7
29/03/2018 15:15;141.56
29/03/2018 15:30;144.5
29/03/2018 15:45;132.86
29/03/2018 16:00;112.35
29/03/2018 16:15;104.22
29/03/2018 16:30;87.69
29/03/2018 16:45;99.1
29/03/2018 17:00;108.95
29/03/2018 17:15;118.2
29/03/2018 17:30;160.37
29/03/2018 17:45;183.69
29/03/2018 18:00;183.47
29/03/2018 18:15;206.16
29/03/2018 18:30;200.29
29/03/2018 18:45;219.96
29/03/2018 19:00;196.63
29/03/2018 19:15;193.51
29/03/2018 19:30;182.95
29/03/2018 19:45;189.84
29/03/2018 20:00;191.8
29/03/2018 20:15;197.16
29/03/2018 20:30;196.6
29/03/2018 20:45;222.17
29/03/2018 21:00;220.72
29/03/2018 21:15;247.69
29/03/2018 21:30;276.48
29/03/2018 21:45;297.95
29/03/2018 22:00;295.2
29/03/2018 22:15;283.89
29/03/2018 22:30;307.47
29/03/2018 22:45;329.37
29/03/2018 23:00;354.3
29/03/2018 23:15;364.73
29/03/2018 23:30;366.85
29/03/2018 23:45;352.11
30/03/2018 00:00;364.14
30/03/2018 00:15;365.09
30/03/2018 00:30;362.03
30/03/2018 00:45;333.5
30/03/2018 01:00;305.69
30/03/2018 01:15;313.96
30/03/2018 01:30;326.57
30/03/2018 01:45;337.17
30/03/2018 02:00;318.26
30/03/2018 02:15;304.64
30/03/2018 02:30;313.67
30/03/2018 02:45;303.8
30/03/2018 03:00;349.79
30/03/2018 03:15;317.38
30/03/2018 03:30;289.56
30/03/2018 03:45;286.75
30/03/2018 04:00;275.5
30/03/2018 04:15;264.62
30/03/2018 04:30;288.81
30/03/2018 04:45;311.27
30/03/2018 05:00;324.63
30/03/2018 05:15;326.66
30/03/2018 05:30;349.27
30/03/2018 05:45;346.75
30/03/2018 06:00;351.71
30/03/2018 06:15;367.36
30/03/2018 06:30;342.94
30/03/2018 06:45;338.98
30/03/2018 07:00;356.73
30/03/2018 07:15;328.47
30/03/2018 07:30;324.15
30/03/2018 07:45;324.44
30/03/2018 08:00;334.58
30/03/2018 08:15;339.25
30/03/2018 08:30;326.3
30/03/2018 08:45;332.34
30/03/2018 09:00;318.7
30/03/2018 09:15;297.67
30/03/2018 09:30;279.34
30/03/2018 09:45;271.64
30/03/2018 10:00;268.86
30/03/2018 10:15;239.42
30/03/2018 10:30;228.59
30/03/2018 10:45;236.31
30/03/2018 11:00;228.33
30/03/2018 11:15;199.51
30/03/2018 11:30;197.53
30/03/2018 11:45;227.78
30/03/2018 12:00;231.49
30/03/2018 12:15;257.69
30/03/2018 12:30;265.71
30/03/2018 12:45;305.23
30/03/2018 13:00;366.4
30/03/2018 13:15;450.78
30/03/2018 13:30;503.85
30/03/2018 13:45;491.87
30/03/2018 14:00;501.45
30/03/2018 14:15;531.34
30/03/2018 14:30;596.6
30/03/2018 14:45;644.61
30/03/2018 15:00;628.73
30/03/2018 15:15;637.37
30/03/2018 15:30;670.41
30/03/2018 15:45;676.29
30/03/2018 16:00;649.76
30/03/2018 16:15;755.72
30/03/2018 16:30;723.6
30/03/2018 16:45;723.76
30/03/2018 17:00;684.63
30/03/2018 17:15;657.52
30/03/2018 17:30;468.22
30/03/2018 17:45;329.64
30/03/2018 18:00;319.43
30/03/2018 18:15;342.66
30/03/2018 18:30;335.43
30/03/2018 18:45;347.27
30/03/2018 19:00;316.4
30/03/2018 19:15;298.14
30/03/2018 19:30;302.84
30/03/2018 19:45;341.25
30/03/2018 20:00;353.01
30/03/2018 20:15;420.62
30/03/2018 20:30;409.82
30/03/2018 20:45;349.79
30/03/2018 21:00;411.81
30/03/2018 21:15;380.78
30/03/2018 21:30;344.09
30/03/2018 21:45;327.92
30/03/2018 22:00;295.59
30/03/2018 22:15;303.08
30/03/2018 22:30;313.36
30/03/2018 22:45;333.99
30/03/2018 23:00;322.56
30/03/2018 23:15;351.64
30/03/2018 23:30;394.41
30/03/2018 23:45;398.01
31/03/2018 00:00;379.77
31/03/2018 00:15;359.53
31/03/2018 00:30;327.74
31/03/2018 00:45;342.11
31/03/2018 01:00;372.96
31/03/2018 01:15;398.72
31/03/2018 01:30;388.11
31/03/2018 01:45;388.15
31/03/2018 02:00;375.59
31/03/2018 02:15;358.61
31/03/2018 02:30;357.34
31/03/2018 02:45;374.19
31/03/2018 03:00;370.73
31/03/2018 03:15;322.29
31/03/2018 03:30;328.02
31/03/2018 03:45;350.4
31/03/2018 04:00;330.95
31/03/2018 04:15;312.64
31/03/2018 04:30;285.66
31/03/2018 04:45;267.01
31/03/2018 05:00;259.72
31/03/2018 05:15;253.82
31/03/2018 05:30;250.53
31/03/2018 05:45;249
31/03/2018 06:00;252.92
31/03/2018 06:15;287.76
31/03/2018 06:30;282.48
31/03/2018 06:45;276.29
31/03/2018 07:00;279.36
31/03/2018 07:15;285.01
31/03/2018 07:30;291.72
31/03/2018 07:45;269.34
31/03/2018 08:00;249.16
31/03/2018 08:15;239.53
31/03/2018 08:30;227.98
31/03/2018 08:45;196.67
31/03/2018 09:00;185.38
31/03/2018 09:15;150.82
31/03/2018 09:30;128.04
31/03/2018 09:45;99.5
31/03/2018 10:00;83.3
31/03/2018 10:15;69.63
31/03/2018 10:30;56.83
31/03/2018 10:45;56.26
31/03/2018 11:00;42.99
31/03/2018 11:15;43.82
31/03/2018 11:30;45.44
31/03/2018 11:45;49.05
31/03/2018 12:00;53.23
31/03/2018 12:15;54.54
31/03/2018 12:30;74.6
31/03/2018 12:45;81.07
31/03/2018 13:00;86.81
31/03/2018 13:15;103.79
31/03/2018 13:30;114.37
31/03/2018 13:45;132.11
31/03/2018 14:00;135.97
31/03/2018 14:15;143.95
31/03/2018 14:30;162.43
31/03/2018 14:45;171.26
31/03/2018 15:00;171.52
31/03/2018 15:15;184.52
31/03/2018 15:30;169.61
31/03/2018 15:45;167.59
31/03/2018 16:00;155.55
31/03/2018 16:15;163.81
31/03/2018 16:30;144.56
31/03/2018 16:45;171.96
31/03/2018 17:00;170.55
31/03/2018 17:15;178.59
31/03/2018 17:30;100.16
31/03/2018 17:45;135.92
31/03/2018 18:00;150.23
31/03/2018 18:15;213.68
31/03/2018 18:30;237.79
31/03/2018 18:45;229.58
31/03/2018 19:00;218.04
31/03/2018 19:15;205.82
31/03/2018 19:30;151.81
31/03/2018 19:45;209.73
31/03/2018 20:00;207.8
31/03/2018 20:15;227.83
31/03/2018 20:30;198.64
31/03/2018 20:45;151.97
31/03/2018 21:00;176.19
31/03/2018 21:15;117.71
31/03/2018 21:30;109.51
31/03/2018 21:45;120.82
31/03/2018 22:00;133.66
31/03/2018 22:15;148.07
31/03/2018 22:30;143.73
31/03/2018 22:45;136.75
31/03/2018 23:00;131.24
31/03/2018 23:15;142.69
31/03/2018 23:30;158.08
31/03/2018 23:45;133.15
01/04/2018 00:00;127.32
01/04/2018 00:15;145.59
01/04/2018 00:30;152.98
01/04/2018 00:45;171.28
01/04/2018 01:00;158.71
01/04/2018 01:15;176.4
01/04/2018 01:30;198.42
01/04/2018 01:45;199.46
01/04/2018 02:00;201.44
01/04/2018 02:15;208.95
01/04/2018 02:30;207.51
01/04/2018 02:45;207.62
01/04/2018 03:00;223.55
01/04/2018 03:15;199.71
01/04/2018 03:30;211.31
01/04/2018 03:45;222.27
01/04/2018 04:00;239.62
01/04/2018 04:15;197.96
01/04/2018 04:30;199.88
01/04/2018 04:45;209.13
01/04/2018 05:00;238.6
01/04/2018 05:15;254.53
01/04/2018 05:30;261.98
01/04/2018 05:45;245.47
01/04/2018 06:00;234.87
01/04/2018 06:15;227.5
01/04/2018 06:30;227.92
01/04/2018 06:45;302.6
01/04/2018 07:00;310.51
01/04/2018 07:15;282.93
01/04/2018 07:30;284.92
01/04/2018 07:45;259
01/04/2018 08:00;260.5
01/04/2018 08:15;284.82
01/04/2018 08:30;292.09
01/04/2018 08:45;275.43
01/03/2018 09:00;882.41
01/03/2018 09:15;900.91
01/03/2018 09:30;934.8
01/03/2018 09:45;956.12
01/03/2018 10:00;938.16
01/03/2018 10:15;931.74
01/03/2018 10:30;933.65
01/03/2018 10:45;916.12
01/03/2018 11:00;979.27
01/03/2018 11:15;911.43
01/03/2018 11:30;881.72
01/03/2018 11:45;844.5
01/03/2018 12:00;834.6
01/03/2018 12:15;829.59
01/03/2018 12:30;801.09
01/03/2018 12:45;815.13
01/03/2018 13:00;850.59
01/03/2018 13:15;825.87
01/03/2018 13:30;888.74
01/03/2018 13:45;894.92
01/03/2018 14:00;863.2
01/03/2018 14:15;905.24
01/03/2018 14:30;878.37
01/03/2018 14:45;873.58
01/03/2018 15:00;903.36
01/03/2018 15:15;883.29
01/03/2018 15:30;901.61
01/03/2018 15:45;902.3
01/03/2018 16:00;943.39
01/03/2018 16:15;976.87
01/03/2018 16:30;962.41
01/03/2018 16:45;956.71
01/03/2018 17:00;970.36
01/03/2018 17:15;969
01/03/2018 17:30;959.91
01/03/2018 17:45;975.78
01/03/2018 18:00;991.16
01/03/2018 18:15;958.19
01/03/2018 18:30;990.17
01/03/2018 18:45;987.5
01/03/2018 19:00;995.83
01/03/2018 19:15;993.46
01/03/2018 19:30;1008.11
01/03/2018 19:45;973.9
01/03/2018 20:00;963.98
01/03/2018 20:15;983.74
01/03/2018 20:30;988.68
01/03/2018 20:45;966.78
01/03/2018 21:00;977.23
01/03/2018 21:15;981.4
01/03/2018 21:30;962.94
01/03/2018 21:45;972.24
01/03/2018 22:00;1008.42
01/03/2018 22:15;1003.4
01/03/2018 22:30;1013.43
01/03/2018 22:45;996.01
01/03/2018 23:00;1006.14
01/03/2018 23:15;977.82
01/03/2018 23:30;970.51
01/03/2018 23:45;1019.69